[
  {
    "Name": "AGM12A",
    "DisplayName": "AGM-12A Bullpup",
    "Category": "Munition",
    "Filter": "AGM",
    "Description": "Command guided anti-surface missile. Has a large enough warhead to destroy any tank on impact.",
    "Tactics": "Early command guided missile. Ill-suited for moving targets, attempt to relegate this weapon strictly for use against static targets."
  },
  {
    "Name": "AGM12B",
    "DisplayName": "AGM-12B Bullpup",
    "Category": "Munition",
    "Filter": "AGM",
    "Description": "Command guided anti-surface missile. Has a large enough warhead to destroy any tank on impact.",
    "Tactics": "Early command guided missile. This variant has an improved radio link, although its performance still leaves much to be desired."
  },
  {
    "Name": "AGM12B_PF",
    "DisplayName": "AGM-12B Proximity Fuze",
    "Category": "Munition",
    "Filter": "AGM",
    "Description": "Command guided anti-surface missile. Has a proximity fuze for use against light-skinned targets.",
    "Tactics": "Early command guided missile. This subvariant includes a proximity fuze for use against infantry, but since i dont happen to see any around i dont think i'll mind if you shoot MiGs with it. ;3"
  },
  {
    "Name": "AGM12C",
    "DisplayName": "AGM-12C Bullpup",
    "Category": "Munition",
    "Filter": "AGM",
    "Description": "Command guided anti-surface missile. Has a very large 1000 pound warhead.",
    "Tactics": "Early command guided missile. This variant is much larger, further reaching, and deadlier than its smaller counterpart, requiring less accurate shots to obliterate more targets."
  },
  {
    "Name": "AGM12C_CW",
    "DisplayName": "AGM-12C Cluster",
    "Category": "Munition",
    "Filter": "AGM",
    "Description": "Command guided anti-surface missile. Has a cluster warhead including 325 antipersonnel bomblets.",
    "Tactics": "Early command guided missile. This variant, too, is suited against infantry and open-topped vehicles given its damage over an extreme area."
  },
  {
    "Name": "AGM12E",
    "DisplayName": "AGM-12E Bullpup",
    "Category": "Munition",
    "Filter": "AGM",
    "Description": "Command guided anti-surface missile. Has a very large 1000 pound warhead.",
    "Tactics": "The ultimate variant of the command-guided AGM-12 series. This one includes a further improved guidance unit and motor for an extended reach."
  },
  {
    "Name": "AGM12E_CW",
    "DisplayName": "AGM-12E Cluster",
    "Category": "Munition",
    "Filter": "AGM",
    "Description": "Command guided anti-surface missile. Has a cluster warhead including 325 antipersonnel bomblets.",
    "Tactics": "The ultimate variant of the command-guided AGM-12 series. This one includes a further improved guidance unit and motor for an extended reach."
  },
  {
    "Name": "AGM79A",
    "DisplayName": "AGM-79A Blue Eye",
    "Category": "Munition",
    "Filter": "AGM",
    "Description": "Electro-optically guided long-range AGM. Includes a 1300lb thermobaric airburst warhead.",
    "Tactics": "Based upon the Bullpup, this missile has an airburst thermobaric warhead to deliver devastating effects against spread out less hardened targets, but struggles against armor."
  },
  {
    "Name": "AGM79B",
    "DisplayName": "AGM-79B Blue Eye",
    "Category": "Munition",
    "Filter": "AGM",
    "Description": "Electro-optically guided long-range AGM. Includes a 1300lb semi-armor-piercing warhead for use against hardened targets.",
    "Tactics": "Based upon the Bullpup, this missile has an armor-piercing warhead powerful enough to cripple a heavy warship in a single blow, and therefore suffers with spread out targets."
  },
  {
    "Name": "AGM83A",
    "DisplayName": "AGM-83A Bulldog",
    "Category": "Munition",
    "Filter": "AGM",
    "Description": "Laser-guided anti-surface missile. Has a large enough warhead to destroy any tank on impact.",
    "Tactics": "While this weapon could be considered a side-grade to the AGM-65 series, the high speed and advanced guidance unit make up for the lacklustre warhead."
  },
  {
    "Name": "AGM65A",
    "DisplayName": "AGM-65A",
    "Category": "Munition",
    "Filter": "AGM",
    "Description": "EO guided anti-tank missile. Has a large enough warhead to destroy any tank on impact.",
    "Tactics": "The Maverick has a short burning motor and is optimized for gliding. Firing the missile from higher up can greatly extend its reach."
  },
  {
    "Name": "AGM65B",
    "DisplayName": "AGM-65B",
    "Category": "Munition",
    "Filter": "AGM",
    "Description": "EO guided anti-tank missile. Has a large enough warhead to destroy any tank on impact.",
    "Tactics": "The Maverick has a short burning motor and is optimized for gliding. Firing the missile from higher up can greatly extend its reach."
  },
  {
    "Name": "AGM65D",
    "DisplayName": "AGM-65D",
    "Category": "Munition",
    "Filter": "AGM",
    "Description": "EO guided anti-tank missile. Has a large enough warhead to destroy any tank on impact.",
    "Tactics": "The Maverick has a short burning motor and is optimized for gliding. Firing the missile from higher up can greatly extend its reach."
  },
  {
    "Name": "AGM65D2",
    "DisplayName": "AGM-65D II",
    "Category": "Munition",
    "Filter": "AGM",
    "Description": "EO guided anti-tank missile. Has a large enough warhead to destroy any tank on impact.",
    "Tactics": "The Maverick has a short burning motor and is optimized for gliding. Firing the missile from higher up can greatly extend its reach."
  },
  {
    "Name": "AGM65E",
    "DisplayName": "AGM-65E",
    "Category": "Munition",
    "Filter": "AGM",
    "Description": "Laser guided anti-tank missile. Has a large enough warhead to destroy any tank on impact.",
    "Tactics": "The Maverick has a short burning motor and is optimized for gliding. Firing the missile from higher up can greatly extend its reach."
  },
  {
    "Name": "AGM65E2",
    "DisplayName": "AGM-65E II",
    "Category": "Munition",
    "Filter": "AGM",
    "Description": "Laser guided anti-tank missile. Has a large enough warhead to destroy any tank on impact.",
    "Tactics": "The Maverick has a short burning motor and is optimized for gliding. Firing the missile from higher up can greatly extend its reach."
  },
  {
    "Name": "AGM65F",
    "DisplayName": "AGM-65F",
    "Category": "Munition",
    "Filter": "AGM",
    "Description": "Laser guided anti-tank missile. Has a large enough warhead to destroy any tank on impact.",
    "Tactics": "The Maverick has a short burning motor and is optimized for gliding. Firing the missile from higher up can greatly extend its reach."
  },
  {
    "Name": "AGM65G",
    "DisplayName": "AGM-65G",
    "Category": "Munition",
    "Filter": "AGM",
    "Description": "EO guided anti-tank missile. Has a large enough warhead to destroy any tank on impact.",
    "Tactics": "The Maverick has a short burning motor and is optimized for gliding. Firing the missile from higher up can greatly extend its reach."
  },
  {
    "Name": "AGM65G2",
    "DisplayName": "AGM-65G II",
    "Category": "Munition",
    "Filter": "AGM",
    "Description": "EO guided anti-tank missile. Has a large enough warhead to destroy any tank on impact.",
    "Tactics": "The Maverick has a short burning motor and is optimized for gliding. Firing the missile from higher up can greatly extend its reach."
  },
  {
    "Name": "AGM65H",
    "DisplayName": "AGM-65H",
    "Category": "Munition",
    "Filter": "AGM",
    "Description": "EO guided anti-tank missile. Has a large enough warhead to destroy any tank on impact.",
    "Tactics": "The Maverick has a short burning motor and is optimized for gliding. Firing the missile from higher up can greatly extend its reach."
  },
  {
    "Name": "AGM65K",
    "DisplayName": "AGM-65K",
    "Category": "Munition",
    "Filter": "AGM",
    "Description": "EO guided anti-tank missile. Has a large enough warhead to destroy any tank on impact.",
    "Tactics": "The Maverick has a short burning motor and is optimized for gliding. Firing the missile from higher up can greatly extend its reach."
  }
]
