{
  "Name": "R73",
  "DisplayName": "R-73A",
  "Description": "literally only here cuz caboose's mods reference an R73 instead of R73A",
  "StoreType": "Munition",
  "ModelPath": "assets/mod/weapons/missiles/archer/r73a.fbx",
  "FireSound": "event:/Weapons/MissileLaunchLight",
  "DotColors": [ 101, 118, 87 ],
  "Mass": 104.3,
  "Length": 2.9,
  "Diameter": 0.17,
  "Drag": 0.026,

  "MotorStages": [
    {
      "Duration": 5.5,
      "Delay": 0.0,
      "Thrust": 13.8,
      "FXParent": "Motor1",
      "FXName": "Effects/MissileMotors/Small"
    }
  ],
  "Guidance": {
    "GuideType": "Infrared",
    "MaxG": 40,
    "MaxRange": 30000,
    "EffectiveRange": 9350,
    "SeekerDelay": 0.45,
    "SeekerFOV": 60,
    "MaxTurnRate": 60,
    "SpeedOptimal": 75,
    "SpeedMinimum": 50,
    "CountermeasureRate": 0.63
  },
  "Warhead": {
    "ArmTime": 1.5,
    "BlastRadius": 15.0,
    "ImpactDamage": 0,
    "SplashDamage": 150,
    "Force": 1500.0,
    "Fuze": "Proximity",
    "ProximityDistance": 6.0
  },
  "Effects": {
    "Air": "Effects/Explosion/ExplosionAirMedium",
    "Ground": "Effects/Explosion/ExplosionGroundMedium",
    "Water": "Effects/Explosion/ExplosionWaterMedium"
  }
}
