{
    "Name": "AAM4",
    "DisplayName": "AAM-4",
    "Description": "Medium-Range Active Radar guided air to air missile with countermeasure rejection.",
    "StoreType": "Munition",
    "ModelPath": "assets/mod/weapons/missiles/jasdf/aam4.fbx",
    "FireSound": "event:/Weapons/MissileLaunchMedium",
    "DotColors": [ 235, 235, 231 ],
    "Mass": 218.2,
    "Length": 3.76,
    "Diameter": 0.206,
    "Drag": 0.04,
	
  "MotorStages": [
    {
      "Duration": 0.5,
      "Delay": 0.35,
      "Thrust": 0,
      "FXParent": "Motor1",
      "FXName": "Effects/MissileMotors/Small"
    },
    {
      "Duration": 2.0,
      "Delay": 0.35,
      "Thrust": 34.1,
      "FXParent": "Motor1",
      "FXName": "Effects/MissileMotors/SmallSmokeless"
    },
    {
      "Duration": 14,
      "Delay": 2.35,
      "Thrust": 18.2,
      "FXParent": "Motor1",
      "FXName": "Effects/MissileMotors/SmallSmokeless"
    }
  ],
  "Guidance": {
    "GuideType": "ActiveRadar",
    "Navigation": "Loft",
    "LoftAngleMax": 15.0,
    "LoftMinTTI": 10.0,
    "LoftMaxTTI": 20.0,
    "MaxG": 33,
    "MaxRange": 132750,
    "EffectiveRange": 132750,
    "SeekerDelay": 1.0,
    "SeekerFOV": 70,
    "MaxTurnRate": 65,
    "SpeedOptimal": 75,
    "SpeedMinimum": 50,
    "CountermeasureRate": 0.41
  },
  "Warhead": {
    "ArmTime": 2,
    "BlastRadius": 45.0,
    "ImpactDamage": 0,
    "SplashDamage": 295,
    "Force": 1500.0,
    "Fuze": "Proximity",
    "ProximityDistance": 12.5,
    "SelfDestruct": 90
  },
  "Effects": {
    "Air": "Effects/Explosion/ExplosionAirMedium",
    "Ground": "Effects/Explosion/ExplosionGroundMedium",
    "Water": "Effects/Explosion/ExplosionWaterMedium"
  }
}