{
    "Name": "MICA-IR",
    "DisplayName": "MICA-IR",
    "Description": "Advanced IR guided air to air missile with CM Resistance and off-boresight abilities.",
    "StoreType": "Munition",
    "ModelPath": "assets/mod/weapons/missiles/matra/micair.fbx",
    "FireSound": "event:/Weapons/MissileLaunchMedium",
    "DotColors": [ 235, 235, 231 ],
    "Mass": 110.2,
    "Length": 3.125,
    "Diameter": 0.160,
    "Drag": 0.02,
	
  "MotorStages": [
    {
      "Duration": 6.0,
      "Delay": 1.6,
      "Thrust": 9.7,
      "FXParent": "Motor1",
      "FXName": "Effects/MissileMotors/SmallSmokeless"
    },
    {
      "Duration": 1.6,
      "Delay": 0.0,
      "Thrust": 61.5,
      "FXParent": "Motor1",
      "FXName": "Effects/MissileMotors/Medium"
    }
  ],
  "Guidance": {
    "GuideType": "Infrared",
    "Navigation": "Loft",
    "LoftAngleMax": 10.0,
    "LoftMinTTI": 7.5,
    "LoftMaxTTI": 15.0,
    "MaxG": 65,
    "MaxRange": 64750,
    "EffectiveRange": 52625,
    "SeekerDelay": 0.35,
    "SeekerFOV": 270,
    "MaxTurnRate": 185,
    "SpeedOptimal": 75,
    "SpeedMinimum": 50,
    "CountermeasureRate": 0.29
  },
  "Warhead": {
    "ArmTime": 1.0,
    "BlastRadius": 25.0,
    "ImpactDamage": 100,
    "SplashDamage": 210,
    "Force": 1500.0,
    "Fuze": "Proximity",
    "ProximityDistance": 12,
    "SelfDestruct": 120
  },
  "Effects": {
    "Air": "Effects/Explosion/ExplosionAirMedium",
    "Ground": "Effects/Explosion/ExplosionGroundMedium",
    "Water": "Effects/Explosion/ExplosionWaterMedium"
  }
}