{
    "Name": "R530E",
    "DisplayName": "R530E",
    "Description": "IR guided air to air missile",
    "StoreType": "Munition",
    "ModelPath": "assets/mod/weapons/missiles/matra/r530e.fbx",
    "FireSound": "event:/Weapons/MissileLaunchMedium",
    "DotColors": [ 235, 235, 231 ],
    "Mass": 185.2,
    "Length": 3.12,
    "Diameter": 0.263,
    "Drag": 0.07,
	
  "MotorStages": [
    {
      "Duration": 2.7,
      "Delay": 0.15,
      "Thrust": 34.8,
      "FXParent": "Motor1",
      "FXName": "Effects/MissileMotors/Large"
    },
    {
      "Duration": 6.5,
      "Delay": 2.85,
      "Thrust": 4.12,
      "FXParent": "Motor1",
      "FXName": "Effects/MissileMotors/Medium"
    }
  ],
  "Guidance": {
    "GuideType": "Infrared",
    "MaxG": 15,
    "MaxRange": 19000,
    "EffectiveRange": 3125,
    "SeekerDelay": 3.0,
    "SeekerFOV": 18,
    "MaxTurnRate": 12,
    "SpeedOptimal": 75,
    "SpeedMinimum": 50,
    "CountermeasureRate": 1.04
  },
  "Warhead": {
    "ArmTime": 1.0,
    "BlastRadius": 25.0,
    "ImpactDamage": 100,
    "SplashDamage": 210,
    "Force": 1500.0,
    "Fuze": "Proximity",
    "ProximityDistance": 8,
    "SelfDestruct": 30
  },
  "Effects": {
    "Air": "Effects/Explosion/ExplosionAirMedium",
    "Ground": "Effects/Explosion/ExplosionGroundMedium",
    "Water": "Effects/Explosion/ExplosionWaterMedium"
  }
}