{
    "Name": "R550",
    "DisplayName": "R.550 Magic 1",
    "Description": "Highly agile limited all-aspect IR AAM.",
    "StoreType": "Munition",
    "ModelPath": "assets/mod/weapons/missiles/matra/r550.fbx",
    "FireSound": "event:/Weapons/MissileLaunchLight",
    "DotColors": [ 235, 235, 231 ],
    "Mass": 89.2,
    "Length": 2.75,
    "Diameter": 0.127,
    "Drag": 0.03,
	
  "MotorStages": [
    {
      "Duration": 2.3,
      "Delay": 0.0,
      "Thrust": 27.8,
      "FXParent": "Motor1",
      "FXName": "Effects/MissileMotors/Small"
    }
  ],
  "Guidance": {
    "GuideType": "Infrared",
    "MaxG": 35,
    "MaxRange": 16000,
    "EffectiveRange": 3350,
    "SeekerDelay": 0.5,
    "SeekerFOV": 30,
    "MaxTurnRate": 35,
    "SpeedOptimal": 75,
    "SpeedMinimum": 50,
    "CountermeasureRate": 0.65
  },
  "Warhead": {
    "ArmTime": 1.8,
    "BlastRadius": 15.0,
    "ImpactDamage": 0,
    "SplashDamage": 170,
    "Force": 1500.0,
    "Fuze": "Proximity",
    "ProximityDistance": 8.0,
    "SelfDestruct": 25
  },
  "Effects": {
    "Air": "Effects/Explosion/ExplosionAirMedium",
    "Ground": "Effects/Explosion/ExplosionGroundMedium",
    "Water": "Effects/Explosion/ExplosionWaterMedium"
  }
}