{
    "Name": "R23T",
    "DisplayName": "R-23T",
    "Description": "Radar guided air to air missile",
    "StoreType": "Munition",
    "ModelPath": "assets/mod/weapons/missiles/apex/r23t.fbx",
    "FireSound": "event:/Weapons/MissileLaunchMedium",
    "DotColors": [ 235, 235, 235 ],
    "Mass": 215.0,
    "Length": 4.16,
    "Diameter": 0.223,
    "Drag": 0.04,
	
  "MotorStages": [
    {
      "Duration": 1.85,
      "Delay": 0.0,
      "Thrust": 60.0,
      "FXParent": "Motor1",
      "FXName": "Effects/MissileMotors/Medium"
    }
  ],
  "Guidance": {
    "GuideType": "Infrared",
    "MaxG": 19,
    "MaxRange": 25000,
    "EffectiveRange": 3830,
    "SeekerDelay": 3.0,
    "SeekerFOV": 18,
    "MaxTurnRate": 12,
    "SpeedOptimal": 75,
    "SpeedMinimum": 50,
    "CountermeasureRate": 0.87
  },
  "Warhead": {
    "ArmTime": 2.5,
    "BlastRadius": 20.0,
    "ImpactDamage": 0,
    "SplashDamage": 230,
    "Force": 4500.0,
    "Fuze": "Proximity",
    "ProximityDistance": 10,
    "SelfDestruct": 35
  },
  "Effects": {
    "Air": "Effects/Explosion/ExplosionAirMedium",
    "Ground": "Effects/Explosion/ExplosionGroundMedium",
    "Water": "Effects/Explosion/ExplosionWaterMedium"
  }
}