{
  "Name": "GBU9",
  "DisplayName": "GBU-9B",
  "Description": "Low drag 3000lb electro-optically guided explosive bomb",
  "StoreType": "Munition",
  "ModelPath": "assets/mod/weapons/bombs/hobos/gbu-9.fbx",
  "DotColors": [ 69, 76, 26 ],
  "Mass": 1461.7,
  "Length": 4.71,
  "Diameter": 0.616,
  "Drag": 0.04,

  "Guidance": {
    "GuideType": "Visual",
    "Navigation": "Loft",
    "LoftAngleMax": 20,
    "LoftMinTTI": 7.5,
    "LoftMaxTTI": 15.0,
    "Prediction": 0.8,
    "MaxG": 4,
    "MaxRange": 43275,
    "EffectiveRange": 12025,
    "SeekerDelay": 1.5,
    "SeekerFOV": 60,
    "MaxTurnRate": 5,
    "SpeedOptimal": 200,
    "SpeedMinimum": 100
  },
  "Warhead": {
    "ArmTime": 3.0,
    "BlastRadius": 240.0,
    "ImpactDamage": 1600,
    "ImpactPenetration": 1,
    "SplashDamage": 600,
    "Force": 24000.0,
    "Fuze": "Impact",
    "SelfDestruct": 90
  },
  "Effects": {
    "Air": "Effects/Explosion/ExplosionAirLarge",
    "Ground": "Effects/Explosion/ExplosionGroundLarge",
    "Water": "Effects/Explosion/ExplosionWaterLarge",
    "CraterSize": "Huge"
  }
}