[
  {
    "Name": "AIM120A",
    "DisplayName": "AIM-120A",
    "Category": "Munition",
    "Filter": "AAM",
    "Description": "The primary radar guided missile in use by US-developed fighters, but is in the process of being replaced by the much more capable AIM-7F.",
    "Tactics": "Due to its short burning motor, the \"E\" is difficult to use beyond visual ranges. However, its large size affords a warhead powerful enough to obliterate most fighters on impact. Be aware of the lengthy arming period when firing at close range.\n\nSemi-Active radar guided missiles must be supported by their launching radars at all times. If something interrupts the radar, or lock is lost for any other reason, the missile is guaranteed to miss."
  },
  {
    "Name": "AIM120B",
    "DisplayName": "AIM-120B",
    "Category": "Munition",
    "Filter": "AAM",
    "Description": "The primary radar guided missile in use by US-developed fighters, but is in the process of being replaced by the much more capable AIM-7F.",
    "Tactics": "Due to its short burning motor, the \"E\" is difficult to use beyond visual ranges. However, its large size affords a warhead powerful enough to obliterate most fighters on impact. Be aware of the lengthy arming period when firing at close range.\n\nSemi-Active radar guided missiles must be supported by their launching radars at all times. If something interrupts the radar, or lock is lost for any other reason, the missile is guaranteed to miss."
  },
  {
    "Name": "AIM120C",
    "DisplayName": "AIM-120C",
    "Category": "Munition",
    "Filter": "AAM",
    "Description": "The primary radar guided missile in use by US-developed fighters, but is in the process of being replaced by the much more capable AIM-7F.",
    "Tactics": "Due to its short burning motor, the \"E\" is difficult to use beyond visual ranges. However, its large size affords a warhead powerful enough to obliterate most fighters on impact. Be aware of the lengthy arming period when firing at close range.\n\nSemi-Active radar guided missiles must be supported by their launching radars at all times. If something interrupts the radar, or lock is lost for any other reason, the missile is guaranteed to miss."
  },
  {
    "Name": "AIM120C7",
    "DisplayName": "AIM-120C7",
    "Category": "Munition",
    "Filter": "AAM",
    "Description": "The primary radar guided missile in use by US-developed fighters, but is in the process of being replaced by the much more capable AIM-7F.",
    "Tactics": "Due to its short burning motor, the \"E\" is difficult to use beyond visual ranges. However, its large size affords a warhead powerful enough to obliterate most fighters on impact. Be aware of the lengthy arming period when firing at close range.\n\nSemi-Active radar guided missiles must be supported by their launching radars at all times. If something interrupts the radar, or lock is lost for any other reason, the missile is guaranteed to miss."
  },
  {
    "Name": "AIM120D",
    "DisplayName": "AIM-120D",
    "Category": "Munition",
    "Filter": "AAM",
    "Description": "The primary radar guided missile in use by US-developed fighters, but is in the process of being replaced by the much more capable AIM-7F.",
    "Tactics": "Due to its short burning motor, the \"E\" is difficult to use beyond visual ranges. However, its large size affords a warhead powerful enough to obliterate most fighters on impact. Be aware of the lengthy arming period when firing at close range.\n\nSemi-Active radar guided missiles must be supported by their launching radars at all times. If something interrupts the radar, or lock is lost for any other reason, the missile is guaranteed to miss."
  },
  {
    "Name": "AIM120D3",
    "DisplayName": "AIM-120D3",
    "Category": "Munition",
    "Filter": "AAM",
    "Description": "The primary radar guided missile in use by US-developed fighters, but is in the process of being replaced by the much more capable AIM-7F.",
    "Tactics": "Due to its short burning motor, the \"E\" is difficult to use beyond visual ranges. However, its large size affords a warhead powerful enough to obliterate most fighters on impact. Be aware of the lengthy arming period when firing at close range.\n\nSemi-Active radar guided missiles must be supported by their launching radars at all times. If something interrupts the radar, or lock is lost for any other reason, the missile is guaranteed to miss."
  },
  {
    "Name": "AIM54A",
    "DisplayName": "AIM-54A",
    "Category": "Munition",
    "Filter": "AAM",
    "Description": "The primary radar guided missile in use by US-developed fighters, but is in the process of being replaced by the much more capable AIM-7F.",
    "Tactics": "Due to its short burning motor, the \"E\" is difficult to use beyond visual ranges. However, its large size affords a warhead powerful enough to obliterate most fighters on impact. Be aware of the lengthy arming period when firing at close range.\n\nSemi-Active radar guided missiles must be supported by their launching radars at all times. If something interrupts the radar, or lock is lost for any other reason, the missile is guaranteed to miss."
  },
  {
    "Name": "AIM54B",
    "DisplayName": "AIM-54B",
    "Category": "Munition",
    "Filter": "AAM",
    "Description": "The primary radar guided missile in use by US-developed fighters, but is in the process of being replaced by the much more capable AIM-7F.",
    "Tactics": "Due to its short burning motor, the \"E\" is difficult to use beyond visual ranges. However, its large size affords a warhead powerful enough to obliterate most fighters on impact. Be aware of the lengthy arming period when firing at close range.\n\nSemi-Active radar guided missiles must be supported by their launching radars at all times. If something interrupts the radar, or lock is lost for any other reason, the missile is guaranteed to miss."
  },
  {
    "Name": "AIM54C",
    "DisplayName": "AIM-54C",
    "Category": "Munition",
    "Filter": "AAM",
    "Description": "The primary radar guided missile in use by US-developed fighters, but is in the process of being replaced by the much more capable AIM-7F.",
    "Tactics": "Due to its short burning motor, the \"E\" is difficult to use beyond visual ranges. However, its large size affords a warhead powerful enough to obliterate most fighters on impact. Be aware of the lengthy arming period when firing at close range.\n\nSemi-Active radar guided missiles must be supported by their launching radars at all times. If something interrupts the radar, or lock is lost for any other reason, the missile is guaranteed to miss."
  },
  {
    "Name": "AIM7C",
    "DisplayName": "AIM-7C",
    "Category": "Munition",
    "Filter": "AAM",
    "Description": "The primary radar guided missile in use by US-developed fighters, but is in the process of being replaced by the much more capable AIM-7F.",
    "Tactics": "Due to its short burning motor, the \"E\" is difficult to use beyond visual ranges. However, its large size affords a warhead powerful enough to obliterate most fighters on impact. Be aware of the lengthy arming period when firing at close range.\n\nSemi-Active radar guided missiles must be supported by their launching radars at all times. If something interrupts the radar, or lock is lost for any other reason, the missile is guaranteed to miss."
  },
  {
    "Name": "AIM7D",
    "DisplayName": "AIM-7D",
    "Category": "Munition",
    "Filter": "AAM",
    "Description": "The primary radar guided missile in use by US-developed fighters, but is in the process of being replaced by the much more capable AIM-7F.",
    "Tactics": "Due to its short burning motor, the \"E\" is difficult to use beyond visual ranges. However, its large size affords a warhead powerful enough to obliterate most fighters on impact. Be aware of the lengthy arming period when firing at close range.\n\nSemi-Active radar guided missiles must be supported by their launching radars at all times. If something interrupts the radar, or lock is lost for any other reason, the missile is guaranteed to miss."
  },
  {
    "Name": "AIM7E",
    "DisplayName": "AIM-7E",
    "Category": "Munition",
    "Filter": "AAM",
    "Description": "The primary radar guided missile in use by US-developed fighters, but is in the process of being replaced by the much more capable AIM-7F.",
    "Tactics": "Due to its short burning motor, the \"E\" is difficult to use beyond visual ranges. However, its large size affords a warhead powerful enough to obliterate most fighters on impact. Be aware of the lengthy arming period when firing at close range.\n\nSemi-Active radar guided missiles must be supported by their launching radars at all times. If something interrupts the radar, or lock is lost for any other reason, the missile is guaranteed to miss."
  },
  {
    "Name": "AIM7F",
    "DisplayName": "AIM-7F",
    "Category": "Munition",
    "Filter": "AAM",
    "Description": "The latest version of the radar guided AIM-7 series of missiles. Most notably, it features a very long-burning boost-sustain motor.",
    "Tactics": "With the new motor, the effective range of the AIM-7 has been dramatically increased, allowing for engagement beyond visual ranges. A long burning motor also makes it somewhat effective in a dogfight due to its ability to relentlessly chase a target.\n\nSemi-Active radar guided missiles must be supported by their launching radars at all times. If something interrupts the radar, or lock is lost for any other reason, the missile is guaranteed to miss."
  },
  {
    "Name": "AIM7M",
    "DisplayName": "AIM-7M",
    "Category": "Munition",
    "Filter": "AAM",
    "Description": "The latest version of the radar guided AIM-7 series of missiles. Most notably, it features a very long-burning boost-sustain motor.",
    "Tactics": "With the new motor, the effective range of the AIM-7 has been dramatically increased, allowing for engagement beyond visual ranges. A long burning motor also makes it somewhat effective in a dogfight due to its ability to relentlessly chase a target.\n\nSemi-Active radar guided missiles must be supported by their launching radars at all times. If something interrupts the radar, or lock is lost for any other reason, the missile is guaranteed to miss."
  },
  {
    "Name": "AIM7P",
    "DisplayName": "AIM-7P",
    "Category": "Munition",
    "Filter": "AAM",
    "Description": "The latest version of the radar guided AIM-7 series of missiles. Most notably, it features a very long-burning boost-sustain motor.",
    "Tactics": "With the new motor, the effective range of the AIM-7 has been dramatically increased, allowing for engagement beyond visual ranges. A long burning motor also makes it somewhat effective in a dogfight due to its ability to relentlessly chase a target.\n\nSemi-Active radar guided missiles must be supported by their launching radars at all times. If something interrupts the radar, or lock is lost for any other reason, the missile is guaranteed to miss."
  },
  {
    "Name": "AIM9B",
    "DisplayName": "AIM-9B",
    "Category": "Munition",
    "Filter": "AAM",
    "Description": "IR guided short range \"dogfight\" missile with poor performance across the board. The \"Bravo\" model is the earliest sidewinder used in service, and as such has poor performance against all but the most appealing of targets.",
    "Tactics": "Try using this against bombers from the rear aspect. Past that, good luck."
  },
  {
    "Name": "AIM9F",
    "DisplayName": "AIM-9F",
    "Category": "Munition",
    "Filter": "AAM",
    "Description": "IR guided short range \"dogfight\" missile with poor performance across the board. The \"Foxtrot\" model is an export Bravo model, and as such has poor performance against all but the most appealing of targets.",
    "Tactics": "Hey, the front's green!"
  },
  {
    "Name": "AIM9C",
    "DisplayName": "AIM-9C",
    "Category": "Munition",
    "Filter": "AAM",
    "Description": "SARH guided medium range air-to-air missile with mediocre performance across the board. The \"Charlie\" model is a Bravo model with an improved motor and larger fins, but with a semi-active radar homing seeker in place of an infrared seeker.",
    "Tactics": "Since the Charlie lacks an infrared seeker, it is unable to be decoyed by flares, but radar countermeasures will prove very effective against this instead. Aspect ambivalent."
  },
  {
    "Name": "AIM9D",
    "DisplayName": "AIM-9D",
    "Category": "Munition",
    "Filter": "AAM",
    "Description": "IR guided short range dogfight missile with mediocre performance across the board. The \"Delta\" model is a significant step up from the Bravo, emphasizing range over agility.",
    "Tactics": "Firing IR guided missiles from behind a target ensures the best possible tracking and resistance to countermeasure flares."
  },
  {
    "Name": "AIM9G",
    "DisplayName": "AIM-9G",
    "Category": "Munition",
    "Filter": "AAM",
    "Description": "IR guided short range dogfight missile with acceptable performance across the board. The \"Golf\" model is a development of the Delta, with a better seeker, G loading, and track rate.",
    "Tactics": "Firing IR guided missiles from behind a target ensures the best possible tracking and resistance to countermeasure flares."
  },
  {
    "Name": "AIM9H",
    "DisplayName": "AIM-9H",
    "Category": "Munition",
    "Filter": "AAM",
    "Description": "IR guided short range dogfight missile with good performance across the board. The \"Hotel\" model is a derivative of the Golf, but with further enhancements to make it the best non-all-aspect sidewinder available.",
    "Tactics": "Firing IR guided missiles from behind a target ensures the best possible tracking and resistance to countermeasure flares."
  },
  {
    "Name": "AIM9L",
    "DisplayName": "AIM-9L",
    "Category": "Munition",
    "Filter": "AAM",
    "Description": "IR guided short range dogfight missile with great performance across the board. The \"Lima\" model has an accurate and reliable seeker.",
    "Tactics": "Firing IR guided missiles from behind a target ensures the best possible tracking and resistance to countermeasure flares."
  },
  {
    "Name": "AIM9M",
    "DisplayName": "AIM-9M",
    "Category": "Munition",
    "Filter": "AAM",
    "Description": "IR guided short range dogfight missile with excellent performance across the board. The \"Mike\" model is a Lima model with enhanced tracking, better G load, and immensely improved countermeasure rejection capabilities.",
    "Tactics": "Firing IR guided missiles from behind a target ensures the best possible tracking and resistance to countermeasure flares."
  },
  {
    "Name": "AIM9E",
    "DisplayName": "AIM-9E",
    "Category": "Munition",
    "Filter": "AAM",
    "Description": "IR guided short range dogfight missile with mediocre performance across the board. The \"Echo\" model is a significant step up from the Bravo, but still sorely lacking in agility and reliability.",
    "Tactics": "Firing IR guided missiles from behind a target ensures the best possible tracking and resistance to countermeasure flares."
  },
  {
    "Name": "AIM9P",
    "DisplayName": "AIM-9P",
    "Category": "Munition",
    "Filter": "AAM",
    "Description": "IR guided short range dogfight missile with excellent performance across the board. The \"Papa\" model is an export Juliett model, boasting a slightly better seeker, but otherwise indistinct.",
    "Tactics": "Firing IR guided missiles from behind a target ensures the best possible tracking and resistance to countermeasure flares."
  },
  {
    "Name": "AIM9P4",
    "DisplayName": "AIM-9P4",
    "Category": "Munition",
    "Filter": "AAM",
    "Description": "IR guided short range dogfight missile with excellent performance across the board. The \"Papa-4\" model is an upgraded Papa-1 model, with an all-aspect seeker.",
    "Tactics": "Firing IR guided missiles from behind a target ensures the best possible tracking and resistance to countermeasure flares."
  },
  {
    "Name": "AIM9P5",
    "DisplayName": "AIM-9P5",
    "Category": "Munition",
    "Filter": "AAM",
    "Description": "IR guided short range dogfight missile with excellent performance across the board. The \"Papa-5\" model is an upgraded Papa-4 model, with a low-smoke motor and better countermeasure resistance.",
    "Tactics": "Firing IR guided missiles from behind a target ensures the best possible tracking and resistance to countermeasure flares."
  },
  {
    "Name": "AIM9J",
    "DisplayName": "AIM-9J",
    "Category": "Munition",
    "Filter": "AAM",
    "Description": "IR guided short range dogfight missile with excellent performance across the board. The \"Juliett\" model has square tipped canards for enhanced turning performance, but the agility comes at the cost of its range.",
    "Tactics": "Firing IR guided missiles from behind a target ensures the best possible tracking and resistance to countermeasure flares."
  },
  {
    "Name": "AIM9JULI",
    "DisplayName": "AIM-9JULI",
    "Category": "Munition",
    "Filter": "AAM",
    "Description": "IR guided short range dogfight missile with excellent performance across the board. The \"Juliett\" model has square tipped canards for enhanced turning performance, but the agility comes at the cost of its range.",
    "Tactics": "Firing IR guided missiles from behind a target ensures the best possible tracking and resistance to countermeasure flares."
  },
  {
    "Name": "AIM9X",
    "DisplayName": "AIM-9X",
    "Category": "Munition",
    "Filter": "AAM",
    "Description": "IR guided medium range dogfight missile with absurd performance across the board. The \"X-Ray\" model is a sidewinder in name only, including thrust vectoring, off-boresight launching, much longer range, and a seeker that can sort out targets even in the most adverse environments.",
    "Tactics": "Point and click. Warranty void when engaging Syrian Su-17M4s."
  }
]
