{
    "Name": "AAM4B",
    "DisplayName": "AAM-4 Kai",
    "Description": "Long-Range Active Radar guided air to air missile with countermeasure rejection.",
    "StoreType": "Munition",
    "ModelPath": "assets/mod/weapons/missiles/jasdf/aam4b.fbx",
    "FireSound": "event:/Weapons/MissileLaunchMedium",
    "DotColors": [ 235, 235, 231 ],
    "Mass": 225.7,
    "Length": 3.80,
    "Diameter": 0.206,
    "Drag": 0.04,
	
  "MotorStages": [
    {
      "Duration": 1.3,
      "Delay": 0.35,
      "Thrust": 0,
      "FXParent": "Motor1",
      "FXName": "Effects/MissileMotors/Medium"
    },
    {
      "Duration": 2.0,
      "Delay": 0.35,
      "Thrust": 42.6,
      "FXParent": "Motor1",
      "FXName": "Effects/MissileMotors/Small"
    },
    {
      "Duration": 14,
      "Delay": 2.35,
      "Thrust": 24.5,
      "FXParent": "Motor1",
      "FXName": "Effects/MissileMotors/SmallSmokeless"
    }
  ],
  "Guidance": {
    "GuideType": "ActiveRadar",
    "Navigation": "Loft",
    "LoftAngleMax": 15.0,
    "LoftMinTTI": 10.0,
    "LoftMaxTTI": 20.0,
    "MaxG": 42,
    "MaxRange": 174125,
    "EffectiveRange": 174125,
    "SeekerDelay": 1.6,
    "SeekerFOV": 70,
    "MaxTurnRate": 65,
    "SpeedOptimal": 75,
    "SpeedMinimum": 50,
    "CountermeasureRate": 0.23
  },
  "Warhead": {
    "ArmTime": 2,
    "BlastRadius": 45.0,
    "ImpactDamage": 0,
    "SplashDamage": 310,
    "Force": 1500.0,
    "Fuze": "Proximity",
    "ProximityDistance": 14.5,
    "SelfDestruct": 215
  },
  "Effects": {
    "Air": "Effects/Explosion/ExplosionAirMedium",
    "Ground": "Effects/Explosion/ExplosionGroundMedium",
    "Water": "Effects/Explosion/ExplosionWaterMedium"
  }
}