{
    "Name": "AAM5",
    "DisplayName": "AAM-5",
    "Description": "Advanced IR guided air to air missile with CM Resistance and off-boresight abilities.",
    "StoreType": "Munition",
    "ModelPath": "assets/mod/weapons/missiles/jasdf/aam5.fbx",
    "FireSound": "event:/Weapons/MissileLaunchLight",
    "DotColors": [ 235, 235, 231 ],
    "Mass": 93.2,
    "Length": 3.015,
    "Diameter": 0.127,
    "Drag": 0.03,
	
  "MotorStages": [
    {
      "Duration": 7.8,
      "Delay": 0.0,
      "Thrust": 10.1,
      "FXParent": "Motor1",
      "FXName": "Effects/MissileMotors/SmallSmokeless"
    },
    {
      "Duration": 0.6,
      "Delay": 0.25,
      "Thrust": 54.2,
      "FXParent": "Motor1",
      "FXName": "Effects/MissileMotors/Small"
    }
  ],
  "Guidance": {
    "GuideType": "Infrared",
    "MaxG": 60,
    "MaxRange": 36759,
    "EffectiveRange": 15125,
    "SeekerDelay": 0.25,
    "SeekerFOV": 85,
    "MaxTurnRate": 91,
    "SpeedOptimal": 75,
    "SpeedMinimum": 50,
    "CountermeasureRate": 0.29
  },
  "Warhead": {
    "ArmTime": 0.9,
    "BlastRadius": 25.0,
    "ImpactDamage": 100,
    "SplashDamage": 240,
    "Force": 1500.0,
    "Fuze": "Proximity",
    "ProximityDistance": 11,
    "SelfDestruct": 60
  },
  "Effects": {
    "Air": "Effects/Explosion/ExplosionAirMedium",
    "Ground": "Effects/Explosion/ExplosionGroundMedium",
    "Water": "Effects/Explosion/ExplosionWaterMedium"
  }
}