{
  "Name": "M117E",
  "DisplayName": "M117E",
  "Description": "Low drag 750lb unguided explosive bomb",
  "StoreType": "Munition",
  "ModelPath": "assets/mod/weapons/bombs/m117/m-117e.fbx",
  "DotColors": [ 69, 76, 26 ],
  "Mass": 362.4,
  "Length": 3.66,
  "Diameter": 0.408,
  "Drag": 0.03,

  "Warhead": {
    "ArmTime": 2.5,
    "BlastRadius": 100.0,
    "ImpactDamage": 150,
    "ImpactPenetration": 1,
    "SplashDamage": 175,
    "Force": 6000.0,
    "Fuze": "Proximity",
    "ProximityDistance": 1.5
  },
  "Effects": {
    "Air": "Effects/Explosion/ExplosionAirMedium",
    "Ground": "Effects/Explosion/ExplosionGroundMedium",
    "Water": "Effects/Explosion/ExplosionWaterMedium",
    "CraterSize": "Medium"
  }
}