{
  "Name": "M117R",
  "DisplayName": "M117R",
  "Description": "High drag 750lb dumb iron bomb",
  "StoreType": "Munition",
  "ModelPath": "assets/mod/weapons/bombs/m117/m-117r.fbx",
  "DotColors": [ 69, 76, 26 ],
  "Mass": 362.4,
  "Length": 2.16,
  "Diameter": 0.408,
  "Drag": 0.25,

  "Warhead": {
    "ArmTime": 1.0,
    "BlastRadius": 75.0,
    "ImpactDamage": 300,
    "ImpactPenetration": 1,
    "SplashDamage": 150,
    "Force": 6000.0,
    "Fuze": "Impact"
  },
  "Effects": {
    "Air": "Effects/Explosion/ExplosionAirMedium",
    "Ground": "Effects/Explosion/ExplosionGroundMedium",
    "Water": "Effects/Explosion/ExplosionWaterMedium",
    "CraterSize": "Large"
  },
  "FinDeploy": {
    "HasAnimation": true,
    "Delay": 0.5,
    "Deployed": "Extended",
    "Retracted": "Retracted"
  }
}