{
   "Name": "R74M",
   "DisplayName": "R-74M",
   "Description": "Advanced IR guided air to air missile with CM Resistance",
   "StoreType": "Munition",
   "ModelPath": "assets/mod/weapons/missiles/archer/r73a.fbx",
   "FireSound": "event:/Weapons/MissileLaunchLight",
   "DotColors": [ 235, 235, 231 ],
   "Mass": 113.2,
   "Length": 2.9,
   "Diameter": 0.170,
   "Drag": 0.03,
	
  "MotorStages": [
    {
      "Duration": 6.0,
      "Delay": 0.0,
      "Thrust": 15.0,
      "FXParent": "Motor1",
      "FXName": "Effects/MissileMotors/Small"
    }
  ],
  "Guidance": {
    "GuideType": "Infrared",
    "MaxG": 60,
    "MaxRange": 30000,
    "EffectiveRange": 8350,
    "SeekerDelay": 0.1,
    "SeekerFOV": 75,
    "MaxTurnRate": 60,
    "SpeedOptimal": 75,
    "SpeedMinimum": 50,
    "CountermeasureRate": 0.55
  },
  "Warhead": {
    "ArmTime": 1.0,
    "BlastRadius": 15.0,
    "ImpactDamage": 100,
    "SplashDamage": 200,
    "Force": 1500.0,
    "Fuze": "Proximity",
    "ProximityDistance": 10
  },
  "Effects": {
    "Air": "Effects/Explosion/ExplosionGroundMedium",
    "Ground": "Effects/Explosion/ExplosionGroundMedium",
    "Water": "Effects/Explosion/ExplosionGroundMedium"
  }
}