{
  "Name": "R40T",
  "DisplayName": "R-40T",
  "Description": "Long-range IR telephone pole",
  "StoreType": "Munition",
  "ModelPath": "assets/mod/weapons/missiles/acrid/r40t.fbx",
  "FireSound": "event:/Weapons/MissileLaunchHeavy",
  "DotColors": [ 101, 118, 87 ],
  "Mass": 432.7,
  "Length": 5.980,
  "Diameter": 0.300,
  "Drag": 0.075,

  "MotorStages": [
    {
      "Duration": 6.0,
      "Delay": 0.00,
      "Thrust": 22.4,
      "FXParent": "Motor1",
      "FXName": "Effects/MissileMotors/Medium"
    },
    {
      "Duration": 6.0,
      "Delay": 0.00,
      "Thrust": 22.4,
      "FXParent": "Motor2",
      "FXName": "Effects/MissileMotors/Medium"
    }
  ],
  "Guidance": {
    "GuideType": "Infrared",
    "MaxG": 8,
    "MaxRange": 36500,
    "EffectiveRange": 9180,
    "SeekerDelay": 1.8,
    "SeekerFOV": 54,
    "MaxTurnRate": 18,
    "SpeedOptimal": 75,
    "SpeedMinimum": 50,
    "CountermeasureRate": 0.72
  },
  "Warhead": {
    "ArmTime": 2.5,
    "BlastRadius": 35.0,
    "ImpactDamage": 0,
    "SplashDamage": 310,
    "Force": 4500.0,
    "Fuze": "Proximity",
    "ProximityDistance": 7.0,
    "SelfDestruct": 60
  },
  "Effects": {
    "Air": "Effects/Explosion/ExplosionAirLarge",
    "Ground": "Effects/Explosion/ExplosionGroundLarge",
    "Water": "Effects/Explosion/ExplosionWaterLarge"
  }
}
