{
    "Name": "AIM7Malt",
    "DisplayName": "AIM-7M",
    "Description": "Radar guided air to air missile",
    "StoreType": "Munition",
    "ModelPath": "assets/mod/weapons/missiles/aim7/alt/aim7m.fbx",
    "FireSound": "event:/Weapons/MissileLaunchMedium",
    "DotColors": [ 235, 235, 231 ],
    "Mass": 237.0,
    "Length": 3.7,
    "Diameter": 0.200,
    "Drag": 0.035,
	
  "MotorStages": [
    {
      "Duration": 5.0,
      "Delay": 0.25,
      "Thrust": 25.5,
      "FXParent": "Motor1",
      "FXName": "Effects/MissileMotors/Small"
    },
    {
      "Duration": 12.1,
      "Delay": 5.25,
      "Thrust": 5.1,
      "FXParent": "Motor1",
      "FXName": "Effects/MissileMotors/SmallSmokeless"
    }
  ],
  "Guidance": {
    "GuideType": "SemiActiveRadar",
    "MaxG": 25,
    "MaxRange": 98000,
    "EffectiveRange": 79500,
    "SeekerDelay": 0.85,
    "SeekerFOV": 60,
    "MaxTurnRate": 22,
    "SpeedOptimal": 75,
    "SpeedMinimum": 50
  },
  "Warhead": {
    "ArmTime": 2.5,
    "BlastRadius": 35.0,
    "ImpactDamage": 0,
    "SplashDamage": 250,
    "Force": 1500.0,
    "Fuze": "Proximity",
    "ProximityDistance": 7.5,
    "SelfDestruct": 164
  },
  "Effects": {
    "Air": "Effects/Explosion/ExplosionAirMedium",
    "Ground": "Effects/Explosion/ExplosionGroundMedium",
    "Water": "Effects/Explosion/ExplosionWaterMedium"
  }
}