{
    "Name": "AIM260A",
    "DisplayName": "AIM-260A Falcon II",
    "Description": "Deathstick.",
    "StoreType": "Munition",
    "ModelPath": "assets/mod/weapons/missiles/aim120/aim260/aim260a.fbx",
    "FireSound": "event:/Weapons/MissileLaunchMedium",
    "DotColors": [ 235, 235, 231 ],
    "Mass": 152.2,
    "Length": 3.82,
    "Diameter": 0.280,
    "Drag": 0.015,
	
  "MotorStages": [
    {
      "Duration": 0.7,
      "Delay": 0.3,
      "Thrust": 0,
      "FXParent": "Motor2",
      "FXName": "Effects/MissileMotors/Medium"
    },
    {
      "Duration": 2.0,
      "Delay": 0.5,
      "Thrust": 50.5,
      "FXParent": "Motor2",
      "FXName": "Effects/MissileMotors/SmallSmokeless"
    },
    {
      "Duration": 8,
      "Delay": 2.5,
      "Thrust": 18.5,
      "Discard": "Booster",
      "FXParent": "Motor2",
      "FXName": "Effects/MissileMotors/SmallSmokeless"
    },
    {
      "Duration": 2.0,
      "Delay": 10.5,
      "Thrust": 35,
      "FXParent": "Motor1",
      "FXName": "Effects/MissileMotors/SmallSmokeless"
    },
    {
      "Duration": 6,
      "Delay": 12.5,
      "Thrust": 14.0,
      "FXParent": "Motor1",
      "FXName": "Effects/MissileMotors/SmallSmokeless"
    }
  ],
  "Guidance": {
    "GuideType": "ActiveRadar",
    "Navigation": "Loft",
    "LoftAngleMax": 25.0,
    "LoftMinTTI": 20.0,
    "LoftMaxTTI": 30.0,
    "MaxG": 50,
    "MaxRange": 475000,
    "EffectiveRange": 475000,
    "SeekerDelay": 0.9,
    "SeekerFOV": 361,
    "MaxTurnRate": 150,
    "SpeedOptimal": 75,
    "SpeedMinimum": 50,
    "CountermeasureRate": 0.27
  },
  "Warhead": {
    "ArmTime": 2,
    "BlastRadius": 40.0,
    "ImpactDamage": 140,
    "SplashDamage": 375,
    "Force": 1500.0,
    "Fuze": "Proximity",
    "ProximityDistance": 16.0,
    "SelfDestruct": 600
  },
  "Effects": {
    "Air": "Effects/Explosion/ExplosionAirMedium",
    "Ground": "Effects/Explosion/ExplosionGroundMedium",
    "Water": "Effects/Explosion/ExplosionWaterMedium"
  }
}