{
  "Name": "R33S",
  "DisplayName": "R-33S",
  "Description": "Better motor, ECCM, and maneuvering fins to reduce bricklike telephone pole properties.",
  "StoreType": "Munition",
  "ModelPath": "assets/mod/weapons/missiles/axehead/r33s.fbx",
  "FireSound": "event:/Weapons/MissileLaunchHeavy",
  "DotColors": [ 101, 118, 87 ],
  "Mass": 502.2,
  "Length": 4.06,
  "Diameter": 0.380,
  "Drag": 0.068,

  "MotorStages": [
    {
      "Duration": 4.0,
      "Delay": 0.45,
      "Thrust": 49.2,
      "FXParent": "Motor1",
      "FXName": "Effects/MissileMotors/Large"
    },
    {
      "Duration": 16.5,
      "Delay": 4.25,
      "Thrust": 20.1,
      "FXParent": "Motor1",
      "FXName": "Effects/MissileMotors/Medium"
    }
  ],
  "Guidance": {
    "GuideType": "SemiActiveRadar",
    "Navigation": "Loft",
    "LoftAngleMax":6.0,
    "LoftMinTTI": 5.0,
    "LoftMaxTTI": 10.0,
    "MaxG": 24,
    "MaxRange": 160000,
    "EffectiveRange": 125750,
    "SeekerDelay": 1.30,
    "SeekerFOV": 55,
    "MaxTurnRate": 24,
    "SpeedOptimal": 75,
    "SpeedMinimum": 50,
    "CountermeasureRate": 0.70
  },
  "Warhead": {
    "ArmTime": 2.5,
    "BlastRadius": 60.0,
    "ImpactDamage": 0,
    "SplashDamage": 435,
    "Force": 4500.0,
    "Fuze": "Proximity",
    "ProximityDistance": 20.0,
    "SelfDestruct": 240
  },
  "Effects": {
    "Air": "Effects/Explosion/ExplosionAirLarge",
    "Ground": "Effects/Explosion/ExplosionGroundLarge",
    "Water": "Effects/Explosion/ExplosionWaterMedium"
  },
  "FinDeploy": {
    "HasAnimation": true,
    "Delay": 0.33,
    "Deployed": "Extended",
    "Retracted": "Retracted"
  }
}
