{
    "Name": "R60MK",
    "DisplayName": "R-60MK",
    "Description": "Highly maneuverable IR guided air to air missile designed for dogfighting",
    "StoreType": "Munition",
    "ModelPath": "assets/mod/weapons/missiles/aphid/r60mk.fbx",
    "FireSound": "event:/Weapons/MissileLaunchLight",
    "DotColors": [ 101, 118, 87 ],
    "Mass": 45.8,
    "Length": 2.11,
    "Diameter": 0.12,
    "Drag": 0.03,
	
  "MotorStages": [
    {
      "Duration": 5.1,
      "Delay": 0.0,
      "Thrust": 7.7,
      "FXParent": "Motor1",
      "FXName": "Effects/MissileMotors/Small"
    }
  ],
  "Guidance": {
    "GuideType": "Infrared",
    "MaxG": 35,
    "MaxRange": 13000,
    "EffectiveRange": 2250,
    "SeekerDelay": 0.35,
    "SeekerFOV": 18,
    "MaxTurnRate": 35,
    "SpeedOptimal": 75,
    "SpeedMinimum": 50,
    "CountermeasureRate": 0.97
  },
  "Warhead": {
    "ArmTime": 1.0,
    "BlastRadius": 15.0,
    "ImpactDamage": 0,
    "SplashDamage": 95,
    "Force": 1500.0,
    "Fuze": "Proximity",
    "ProximityDistance": 4.0,
    "SelfDestruct": 35
  },
  "Effects": {
    "Air": "Effects/Explosion/ExplosionAirMedium",
    "Ground": "Effects/Explosion/ExplosionGroundMedium",
    "Water": "Effects/Explosion/ExplosionWaterMedium"
  }
}