{
    "Name": "AIM9X3",
    "DisplayName": "AIM-9X Block III",
    "Description": "Sidewinder with lofting abilities and further seeker improvements.",
    "StoreType": "Munition",
    "ModelPath": "assets/mod/weapons/missiles/aim9/aim9x/aim9x.fbx",
    "FireSound": "event:/Weapons/MissileLaunchLight",
    "DotColors": [ 235, 235, 231 ],
    "Mass": 88.5,
    "Length": 2.9,
    "Diameter": 0.127,
    "Drag": 0.017,
	
  "MotorStages": [
    {
      "Duration": 2.44,
      "Delay": 0.0,
      "Thrust": 16.5,
      "FXParent": "Motor1",
      "FXName": "Effects/MissileMotors/SmallSmokeless"
    },
    {
      "Duration": 6.3,
      "Delay": 2.44,
      "Thrust": 6.15,
      "FXParent": "Motor1",
      "FXName": "Effects/MissileMotors/SmallSmokeless"
    },
    {
      "Duration": 0.9,
      "Delay": 0.0,
      "Thrust": 0.0,
      "FXParent": "Motor1",
      "FXName": "Effects/MissileMotors/Small"
    }
  ],
  "Guidance": {
    "GuideType": "Infrared",
    "Navigation": "Loft",
    "LoftAngleMax": 10.0,
    "LoftMinTTI": 15.0,
    "LoftMaxTTI": 20.0,
    "MaxG": 68,
    "MaxRange": 45000,
    "EffectiveRange": 28500,
    "SeekerDelay": 0.25,
    "SeekerFOV": 270,
    "MaxTurnRate": 160,
    "SpeedOptimal": 75,
    "SpeedMinimum": 50,
    "CountermeasureRate": 0.26
  },
  "Warhead": {
    "ArmTime": 1.0,
    "BlastRadius": 15.0,
    "ImpactDamage": 100,
    "SplashDamage": 170,
    "Force": 1500.0,
    "Fuze": "Proximity",
    "ProximityDistance": 5,
    "SelfDestruct": 60
  },
  "Effects": {
    "Air": "Effects/Explosion/ExplosionAirMedium",
    "Ground": "Effects/Explosion/ExplosionGroundMedium",
    "Water": "Effects/Explosion/ExplosionWaterMedium"
  }
}