{
  "Name": "MIM72G",
  "DisplayName": "MIM-72G",
  "Description": "IR guided air to air missile",
  "StoreType": "Munition",
  "ModelPath": "assets/mod/weapons/missiles/aim9/aim9h/mim72g.fbx",
  "FireSound": "event:/Weapons/MissileLaunchMedium",
  "DotColors": [ 235, 235, 231 ],
  "Mass": 89.4,
  "Length": 2.85,
  "Diameter": 0.127,
  "Drag": 0.03,

  "MotorStages": [
    {
      "Duration": 5.8,
      "Delay": 0.0,
      "Thrust": 12.5,
      "FXParent": "Motor1",
      "FXName": "Effects/MissileMotors/SmallSmokeless"
    },
    {
      "Duration": 0.6,
      "Delay": 0.0,
      "Thrust": 0.1,
      "FXParent": "Motor1",
      "FXName": "Effects/MissileMotors/Small"
    }
  ],
  "Guidance": {
    "GuideType": "Infrared",
    "MaxG": 26,
    "MaxRange": 18000,
    "EffectiveRange": 8350,
    "SeekerDelay": 0.25,
    "SeekerFOV": 40,
    "MaxTurnRate": 30,
    "SpeedOptimal": 75,
    "SpeedMinimum": 50,
    "CountermeasureRate": 0.61
  },
  "Warhead": {
    "ArmTime": 1.25,
    "BlastRadius": 15.0,
    "ImpactDamage": 100,
    "SplashDamage": 200,
    "Force": 1500.0,
    "Fuze": "Proximity",
    "ProximityDistance": 11.75,
    "SelfDestruct": 60
  },
  "Effects": {
    "Air": "Effects/Explosion/ExplosionAirMedium",
    "Ground": "Effects/Explosion/ExplosionGroundMedium",
    "Water": "Effects/Explosion/ExplosionWaterMedium"
  }
}