{
    "Name": "AIM4G",
    "DisplayName": "AIM-4G",
    "Description": "Short range early IR guided missile",
    "StoreType": "Munition",
    "ModelPath": "assets/mod/weapons/missiles/aim4/aim4g.fbx",
    "FireSound": "event:/Weapons/MissileLaunchLight",
    "DotColors": [ 235, 235, 231 ],
    "Mass": 68.3,
    "Length": 2.19,
    "Diameter": 0.168,
    "Drag": 0.028,
	
  "MotorStages": [
    {
      "Duration": 0.61,
      "Delay": 0.0,
      "Thrust": 20.4,
      "FXParent": "Motor1",
      "FXName": "Effects/MissileMotors/Medium"
    },
    {
      "Duration": 4.25,
      "Delay": 0.5,
      "Thrust": 2.7,
      "FXParent": "Motor1",
      "FXName": "Effects/MissileMotors/Small"
    },
  ],
  "Guidance": {
    "GuideType": "Infrared",
    "MaxG": 26,
    "MaxRange": 25600,
    "EffectiveRange": 3800,
    "SeekerDelay": 0.61,
    "SeekerFOV": 48,
    "MaxTurnRate": 21,
    "SpeedOptimal": 75,
    "SpeedMinimum": 50,
    "CountermeasureRate": 0.7
  },
  "Warhead": {
    "ArmTime": 1.4,
    "BlastRadius": 15.0,
    "ImpactDamage": 150,
    "SplashDamage": 90,
    "Force": 1500.0,
    "Fuze": "Impact",
    "SelfDestruct": 20
  },
  "Effects": {
    "Air": "Effects/Explosion/ExplosionGroundMedium",
    "Ground": "Effects/Explosion/ExplosionGroundMedium",
    "Water": "Effects/Explosion/ExplosionGroundMedium"
  }
}