{
    "Name": "AIM82B",
    "DisplayName": "AIM-82B",
    "Description": "All aspect, proximity fuzed, highly maneuverable lightweight AAM.",
    "StoreType": "Munition",
    "ModelPath": "assets/mod/weapons/missiles/aim4/aim4h.fbx",
    "FireSound": "event:/Weapons/MissileLaunchLight",
    "DotColors": [ 235, 235, 231 ],
    "Mass": 60.1,
    "Length": 2.18,
    "Diameter": 0.163,
    "Drag": 0.029,
	
  "MotorStages": [
    {
      "Duration": 0.61,
      "Delay": 0.0,
      "Thrust": 20.4,
      "FXParent": "Motor1",
      "FXName": "Effects/MissileMotors/Medium"
    },
    {
      "Duration": 2.95,
      "Delay": 0.5,
      "Thrust": 3.5,
      "FXParent": "Motor1",
      "FXName": "Effects/MissileMotors/Small"
    },
  ],
  "Guidance": {
    "GuideType": "Infrared",
    "MaxG": 31,
    "MaxRange": 15000,
    "EffectiveRange": 4170,
    "SeekerDelay": 0.61,
    "SeekerFOV": 48,
    "MaxTurnRate": 24,
    "SpeedOptimal": 75,
    "SpeedMinimum": 50,
    "CountermeasureRate": 0.67
  },
  "Warhead": {
    "ArmTime": 1.4,
    "BlastRadius": 15.0,
    "ImpactDamage": 40,
    "SplashDamage": 110,
    "Force": 1500.0,
    "Fuze": "Proximity",
    "ProximityDistance": 5.0,
    "SelfDestruct": 17
  },
  "Effects": {
    "Air": "Effects/Explosion/ExplosionGroundSmall",
    "Ground": "Effects/Explosion/ExplosionGroundSmall",
    "Water": "Effects/Explosion/ExplosionGroundMedium"
  }
}