{
    "Name": "AAM5B",
    "DisplayName": "AAM-5 Kai",
    "Description": "Advanced IR guided air to air missile with CM Resistance and off-boresight abilities.",
    "StoreType": "Munition",
    "ModelPath": "assets/mod/weapons/missiles/jasdf/aam5b.fbx",
    "FireSound": "event:/Weapons/MissileLaunchLight",
    "DotColors": [ 235, 235, 231 ],
    "Mass": 97.6,
    "Length": 3.015,
    "Diameter": 0.127,
    "Drag": 0.03,
	
  "MotorStages": [
    {
      "Duration": 6.0,
      "Delay": 0.0,
      "Thrust": 15.1,
      "FXParent": "Motor1",
      "FXName": "Effects/MissileMotors/SmallSmokeless"
    },
    {
      "Duration": 0.6,
      "Delay": 0.25,
      "Thrust": 70.2,
      "FXParent": "Motor1",
      "FXName": "Effects/MissileMotors/Small"
    }
  ],
  "Guidance": {
    "GuideType": "Infrared",
    "MaxG": 76,
    "MaxRange": 41325,
    "EffectiveRange": 23750,
    "SeekerDelay": 0.25,
    "SeekerFOV": 145,
    "MaxTurnRate": 215,
    "SpeedOptimal": 75,
    "SpeedMinimum": 50,
    "CountermeasureRate": 0.26
  },
  "Warhead": {
    "ArmTime": 0.9,
    "BlastRadius": 25.0,
    "ImpactDamage": 100,
    "SplashDamage": 240,
    "Force": 1500.0,
    "Fuze": "Proximity",
    "ProximityDistance": 12,
    "SelfDestruct": 90
  },
  "Effects": {
    "Air": "Effects/Explosion/ExplosionAirMedium",
    "Ground": "Effects/Explosion/ExplosionGroundMedium",
    "Water": "Effects/Explosion/ExplosionWaterMedium"
  }
}