{
  "Name": "GBU1",
  "DisplayName": "BOLT-117 GBU-1B",
  "Description": "Low drag 750lb laser-guided explosive bomb",
  "StoreType": "Munition",
  "ModelPath": "assets/mod/weapons/bombs/m117/bolt-117.fbx",
  "DotColors": [ 69, 76, 26 ],
  "Mass": 362.4,
  "Length": 2.16,
  "Diameter": 0.408,
  "Drag": 0.03,

  "Guidance": {
    "GuideType": "Command",
    "Navigation": "Loft",
    "LoftAngleMax": 20,
    "LoftMinTTI": 7.5,
    "LoftMaxTTI": 15.0,
    "Prediction": 0.5,
    "MaxG": 10,
    "MaxRange": 12040,
    "EffectiveRange": 7625,
    "SeekerDelay": 1.5,
    "MaxTurnRate": 4,
    "SpeedOptimal": 200,
    "SpeedMinimum": 100
  },
  "Warhead": {
    "ArmTime": 1.0,
    "BlastRadius": 75.0,
    "ImpactDamage": 300,
    "ImpactPenetration": 1,
    "SplashDamage": 150,
    "Force": 6000.0,
    "Fuze": "Impact",
    "SelfDestruct": 60
  },
  "Effects": {
    "Air": "Effects/Explosion/ExplosionAirMedium",
    "Ground": "Effects/Explosion/ExplosionGroundMedium",
    "Water": "Effects/Explosion/ExplosionWaterMedium",
    "CraterSize": "Large"
  }
}