{
    "Name": "AIM7E6alt",
    "DisplayName": "AIM-7E6",
    "Description": "late AIM-7E variant for F-16/F-15/F-4",
    "StoreType": "Munition",
    "ModelPath": "assets/mod/weapons/missiles/aim7/alt/aim7e6.fbx",
    "FireSound": "event:/Weapons/MissileLaunchMedium",
    "DotColors": [ 235, 235, 231 ],
    "Mass": 193.7,
    "Length": 3.6,
    "Diameter": 0.200,
    "Drag": 0.03,
	
  "MotorStages": [
    {
      "Duration": 3.5,
      "Delay": 0.25,
      "Thrust": 37.5,
      "FXParent": "Motor1",
      "FXName": "Effects/MissileMotors/Medium"
    }
  ],
  "Guidance": {
    "GuideType": "SemiActiveRadar",
    "MaxG": 25,
    "MaxRange": 60000,
    "EffectiveRange": 38000,
    "SeekerDelay": 0.70,
    "SeekerFOV": 45,
    "MaxTurnRate": 20,
    "SpeedOptimal": 75,
    "SpeedMinimum": 50,
    "CountermeasureRate": 0.8
  },
  "Warhead": {
    "ArmTime": 2.5,
    "BlastRadius": 30.0,
    "ImpactDamage": 0,
    "SplashDamage": 200,
    "Force": 1500.0,
    "Fuze": "Proximity",
    "ProximityDistance": 7.5,
    "SelfDestruct": 105
  },
  "Effects": {
    "Air": "Effects/Explosion/ExplosionAirMedium",
    "Ground": "Effects/Explosion/ExplosionGroundMedium",
    "Water": "Effects/Explosion/ExplosionWaterMedium"
  }
}