{
  "Name": "GBU11",
  "DisplayName": "GBU-11B",
  "Description": "Low drag 3000lb laser-guided explosive bomb",
  "StoreType": "Munition",
  "ModelPath": "assets/mod/weapons/bombs/m118/gbu-11.fbx",
  "DotColors": [ 69, 76, 26 ],
  "Mass": 1425.7,
  "Length": 4.71,
  "Diameter": 0.616,
  "Drag": 0.04,

  "Guidance": {
    "GuideType": "Command",
    "Navigation": "Loft",
    "LoftAngleMax": 20,
    "LoftMinTTI": 7.5,
    "LoftMaxTTI": 15.0,
    "Prediction": 0.5,
    "MaxG": 10,
    "MaxRange": 14040,
    "EffectiveRange": 9625,
    "SeekerDelay": 1.5,
    "MaxTurnRate": 4,
    "SpeedOptimal": 200,
    "SpeedMinimum": 100
  },
  "Warhead": {
    "ArmTime": 3.0,
    "BlastRadius": 240.0,
    "ImpactDamage": 1600,
    "ImpactPenetration": 1,
    "SplashDamage": 600,
    "Force": 24000.0,
    "Fuze": "Impact",
    "SelfDestruct": 220
  },
  "Effects": {
    "Air": "Effects/Explosion/ExplosionAirLarge",
    "Ground": "Effects/Explosion/ExplosionGroundLarge",
    "Water": "Effects/Explosion/ExplosionWaterLarge",
    "CraterSize": "Huge"
  }
}