{
    "Name": "AGM12B_PF",
    "DisplayName": "AGM-12B Proximity Fuze",
    "Description": "Command-guided AGM",
    "StoreType": "Munition",
    "ModelPath": "assets/mod/weapons/missiles/agm12/agm-12b_pf.fbx",
    "FireSound": "event:/Weapons/MissileLaunchMedium",
    "DotColors": [ 101, 118, 87 ],
    "Mass": 259.4,
    "Length": 3.12,
    "Diameter": 0.298,
    "Drag": 0.05,
  
  "MotorStages": [
    {
      "Duration": 2.1,
      "Delay": 0.00,
      "Thrust": 53.4,
      "FXParent": "Motor1",
      "FXName": "Effects/MissileMotors/Small"
    }
  ],
  "Guidance": {
    "GuideType": "Command",
    "Prediction": 0.6,
    "MaxG": 6,
    "MaxRange": 12040,
    "EffectiveRange": 7625,
    "SeekerDelay": 1.5,
    "MaxTurnRate": 13,
    "SpeedOptimal": 200,
    "SpeedMinimum": 100
  },
  "Warhead": {
    "ArmTime": 3.0,
    "BlastRadius": 125.0,
    "ImpactDamage": 250,
    "ImpactPenetration": 2,
    "SplashDamage": 150,
    "Force": 6000.0,
    "Fuze": "Proximity",
    "ProximityDistance": 75,
    "SelfDestruct": 120
  },
  "Effects": {
    "Air": "Effects/Explosion/ExplosionAirSmall",
    "Ground": "Effects/Explosion/ExplosionGroundSmall",
    "Water": "Effects/Explosion/ExplosionWaterSmall",
  }
}