{
    "Name": "AGM12E",
    "DisplayName": "AGM-12E Bullpup",
    "Description": "Command-guided AGM",
    "StoreType": "Munition",
    "ModelPath": "assets/mod/weapons/missiles/agm12/agm-12e.fbx",
    "FireSound": "event:/Weapons/MissileLaunchMedium",
    "DotColors": [ 101, 118, 87 ],
    "Mass": 875.7,
    "Length": 4.14,
    "Diameter": 0.461,
    "Drag": 0.05,
	
  "MotorStages": [
    {
      "Duration": 2.5,
      "Delay": 0.00,
      "Thrust": 160.2,
      "FXParent": "Motor1",
      "FXName": "Effects/MissileMotors/Large"
    }
  ],
  "Guidance": {
    "GuideType": "Command",
    "Prediction": 0.8,
    "MaxG": 8,
    "MaxRange": 27040,
    "EffectiveRange": 9625,
    "SeekerDelay": 1.5,
    "MaxTurnRate": 17,
    "SpeedOptimal": 200,
    "SpeedMinimum": 100
  },
  "Warhead": {
    "ArmTime": 1.0,
    "BlastRadius": 100.0,
    "ImpactDamage": 400,
    "ImpactPenetration": 2,
    "SplashDamage": 200,
    "Force": 8000.0,
    "Fuze": "Impact",
    "SelfDestruct": 120
  },
  "Effects": {
    "Air": "Effects/Explosion/ExplosionAirMedium",
    "Ground": "Effects/Explosion/ExplosionGroundMedium",
    "Water": "Effects/Explosion/ExplosionWaterMedium",
    "CraterSize": "Large"
  }
}