{
    "Name": "AIM9P",
    "DisplayName": "AIM-9P",
    "Description": "Early US Air Force Limited All-Aspect IR guided air to air missile",
    "StoreType": "Munition",
    "ModelPath": "assets/mod/weapons/missiles/aim9/aim9p/aim9p.fbx",
    "FireSound": "event:/Weapons/MissileLaunchLight",
    "DotColors": [ 235, 235, 231 ],
    "Mass": 76.9,
    "Length": 2.9,
    "Diameter": 0.127,
    "Drag": 0.04,
	
  "MotorStages": [
    {
      "Duration": 2.3,
      "Delay": 0.0,
      "Thrust": 19.0,
      "FXParent": "Motor1",
      "FXName": "Effects/MissileMotors/Small"
    }
  ],
  "Guidance": {
    "GuideType": "Infrared",
    "MaxG": 22,
    "MaxRange": 15000,
    "EffectiveRange": 1985,
    "SeekerDelay": 0.35,
    "SeekerFOV": 40,
    "MaxTurnRate": 17,
    "SpeedOptimal": 75,
    "SpeedMinimum": 50,
    "CountermeasureRate": 0.94
  },
  "Warhead": {
    "ArmTime": 1.0,
    "BlastRadius": 10.0,
    "ImpactDamage": 100,
    "SplashDamage": 150,
    "Force": 1500.0,
    "Fuze": "Proximity",
    "ProximityDistance": 5.0
  },
  "Effects": {
    "Air": "Effects/Explosion/ExplosionAirMedium",
    "Ground": "Effects/Explosion/ExplosionGroundMedium",
    "Water": "Effects/Explosion/ExplosionWaterMedium"
  }
}