{
    "Name": "AIM9X",
    "DisplayName": "AIM-9X",
    "Description": "Advanced IR guided air to air missile with CM Resistance and off-boresight abilities.",
    "StoreType": "Munition",
    "ModelPath": "assets/mod/weapons/missiles/aim9/aim9x/aim9x.fbx",
    "FireSound": "event:/Weapons/MissileLaunchLight",
    "DotColors": [ 235, 235, 231 ],
    "Mass": 79.4,
    "Length": 2.9,
    "Diameter": 0.127,
    "Drag": 0.03,
	
  "MotorStages": [
    {
      "Duration": 5.44,
      "Delay": 0.0,
      "Thrust": 12.8,
      "FXParent": "Motor1",
      "FXName": "Effects/MissileMotors/SmallSmokeless"
    },
    {
      "Duration": 0.9,
      "Delay": 0.0,
      "Thrust": 0.0,
      "FXParent": "Motor1",
      "FXName": "Effects/MissileMotors/Small"
    }
  ],
  "Guidance": {
    "GuideType": "Infrared",
    "MaxG": 60,
    "MaxRange": 21000,
    "EffectiveRange": 14500,
    "SeekerDelay": 0.25,
    "SeekerFOV": 270,
    "MaxTurnRate": 65,
    "SpeedOptimal": 75,
    "SpeedMinimum": 50,
    "CountermeasureRate": 0.35
  },
  "Warhead": {
    "ArmTime": 1.0,
    "BlastRadius": 15.0,
    "ImpactDamage": 100,
    "SplashDamage": 200,
    "Force": 1500.0,
    "Fuze": "Proximity",
    "ProximityDistance": 10,
    "SelfDestruct": 60
  },
  "Effects": {
    "Air": "Effects/Explosion/ExplosionAirMedium",
    "Ground": "Effects/Explosion/ExplosionGroundMedium",
    "Water": "Effects/Explosion/ExplosionWaterMedium"
  }
}