{
    "Name": "AGM65E2",
    "DisplayName": "AGM-65EII",
    "Description": "IR guided air to ground guided missile",
    "StoreType": "Munition",
    "ModelPath": "assets/mod/weapons/missiles/agm65/agm-65eii.fbx",
    "FireSound": "event:/Weapons/MissileLaunchMedium",
    "DotColors": [ 101, 118, 87 ],
    "Mass": 306.2,
    "Length": 2.4,
    "Diameter": 0.305,
    "Drag": 0.07,
	
  "MotorStages": [
    {
      "Duration": 0.5,
      "Delay": 0.0,
      "Thrust": 55,
      "FXParent": "Motor1",
      "FXName": "Effects/MissileMotors/Medium"
    },
    {
      "Duration": 3.5,
      "Delay": 0.5,
      "Thrust": 12.5,
      "FXParent": "Motor1",
      "FXName": "Effects/MissileMotors/Small"
    }
  ],
  "Guidance": {
    "GuideType": "Laser",
    "Navigation": "Loft",
    "LoftAngleMax": 20.0,
    "LoftMinTTI": 3.0,
    "LoftMaxTTI": 12.0,
    "MaxRange": 15000.0,
    "EffectiveRange": 24350,
    "MaxG": 16,
    "SeekerDelay": 0.5,
    "SeekerFOV": 54,
    "MaxTurnRate": 5,
    "SpeedOptimal": 150,
    "SpeedMinimum": 75
  },
  "Warhead": {
    "ArmTime": 1.0,
    "BlastRadius": 70.0,
    "ImpactDamage": 400,
    "ImpactPenetration": 2,
    "SplashDamage": 50,
    "Force": 2500.0,
    "Fuze": "Impact",
    "SelfDestruct": 105
  },
  "Effects": {
    "Air": "Effects/Explosion/ExplosionAirMedium",
    "Ground": "Effects/Explosion/ExplosionGroundMedium",
    "Water": "Effects/Explosion/ExplosionWaterMedium"
  }
}