[
  {
    "Name": "GBU10G",
    "DisplayName": "GBU-10G/B Paveway II",
    "Category": "Munition",
    "Filter": "Bomb",
    "Description": "Laser-guided 2000lb bunker-buster bomb with low drag.",
    "Tactics": "Laser-guided bombs must be continually guided towards a target or else they suffer poor accuracy, but aircraft with targeting pods can turn their nose away from a target while still maintaining a laser spot, allowing strike aircraft to perform maneuvers. Bunker busters trade blast damage for incredible single-target damage."
  },
  {
    "Name": "GBU10J",
    "DisplayName": "GBU-10J/B Paveway II",
    "Category": "Munition",
    "Filter": "Bomb",
    "Description": "Laser-guided 2000lb bunker-buster bomb with low drag.",
    "Tactics": "Laser-guided bombs must be continually guided towards a target or else they suffer poor accuracy, but aircraft with targeting pods can turn their nose away from a target while still maintaining a laser spot, allowing strike aircraft to perform maneuvers. Bunker busters trade blast damage for incredible single-target damage."
  },
  {
    "Name": "M117",
    "DisplayName": "M-117",
    "Category": "Munition",
    "Filter": "Bomb",
    "Description": "Unguided 750lb high explosive bomb with low drag.",
    "Tactics": "Unguided bombs are well suited to taking out structures due their high impact damage."
  },
  {
    "Name": "M117A1",
    "DisplayName": "M-117A1",
    "Category": "Munition",
    "Filter": "Bomb",
    "Description": "Unguided 750lb high explosive bomb with low drag.",
    "Tactics": "Unguided bombs are well suited to taking out structures due their high impact damage."
  },
  {
    "Name": "M117A3",
    "DisplayName": "M-117A3",
    "Category": "Munition",
    "Filter": "Bomb",
    "Description": "Unguided 750lb high explosive bomb with low drag and fancy fins.",
    "Tactics": "Unguided bombs are well suited to taking out structures due their high impact damage."
  },
  {
    "Name": "M117R",
    "DisplayName": "M-117R",
    "Category": "Munition",
    "Filter": "Bomb",
    "Description": "Unguided 750lb high explosive bomb with high drag. Delayed impact tail kit massively increases drag to delay the impact of the bomb, giving the pilot ample time to escape the blast radius.",
    "Tactics": "High drag bombs are best used at low altitude to evade both anti-aircraft fire and the blast from your own bomb."
  },
  {
    "Name": "M117E",
    "DisplayName": "M-117E",
    "Category": "Munition",
    "Filter": "Bomb",
    "Description": "Unguided 750lb high explosive bomb with low drag. Comically long fuze on the front somewhat improves blast radius at the expense of direct impact damage.",
    "Tactics": "Unguided bombs are well suited to taking out structures due their high impact damage."
  },
  {
    "Name": "GBU1",
    "DisplayName": "BOLT-117 GBU-1/B",
    "Category": "Munition",
    "Filter": "Bomb",
    "Description": "Laser-guided 750lb high explosive bomb with low drag. Early model has limited tactical capability, but is still an improvement over unguided bombs.",
    "Tactics": "Early laser guided bombs must be guided the entire flight, else they will fall short of their target. Try slowing down after dropping the LGB to better ensure hits on targets."
  },
  {
    "Name": "M118",
    "DisplayName": "M-118",
    "Category": "Munition",
    "Filter": "Bomb",
    "Description": "Unguided 3000lb high explosive demolition bomb with low drag. Very devastating.",
    "Tactics": "Unguided bombs are well suited to taking out structures due their high impact damage."
  },
  {
    "Name": "GBU11",
    "DisplayName": "GBU-11/B",
    "Category": "Munition",
    "Filter": "Bomb",
    "Description": "Laser-guided 3000lb high explosive bomb with low drag. Very devastating.",
    "Tactics": "Early laser guided bombs must be guided the entire flight, else they will fall short of their target. Try slowing down after dropping the LGB to better ensure hits on targets."
  },
  {
    "Name": "GBU8",
    "DisplayName": "GBU-8/B HOBOS",
    "Category": "Munition",
    "Filter": "Bomb",
    "Description": "Contrast-seeking 2000lb guided bomb with low drag.",
    "Tactics": "Electro-optical guided bombs do not require babysitting during flight, but suffer from added complexity and worse seeker range."
  },
  {
    "Name": "GBU9",
    "DisplayName": "GBU-9/B HOBOS",
    "Category": "Munition",
    "Filter": "Bomb",
    "Description": "Contrast-seeking 3000lb guided bomb with low drag. Very devastating.",
    "Tactics": "Electro-optical guided bombs do not require babysitting during flight, but suffer from added complexity and worse seeker range."
  },
  {
    "Name": "GBU10B",
    "DisplayName": "GBU-10B/B Paveway I",
    "Category": "Munition",
    "Filter": "Bomb",
    "Description": "Laser-guided 2000lb bomb with low drag.",
    "Tactics": "Laser-guided bombs must be continually guided towards a target or else they suffer poor accuracy, but aircraft with targeting pods can turn their nose away from a target while still maintaining a laser spot, allowing strike aircraft to perform maneuvers."
  },
  {
    "Name": "GBU10C",
    "DisplayName": "GBU-10C/B Paveway II",
    "Category": "Munition",
    "Filter": "Bomb",
    "Description": "Laser-guided 2000lb bomb with low drag.",
    "Tactics": "Laser-guided bombs must be continually guided towards a target or else they suffer poor accuracy, but aircraft with targeting pods can turn their nose away from a target while still maintaining a laser spot, allowing strike aircraft to perform maneuvers."
  },
  {
    "Name": "GBU10C_N",
    "DisplayName": "GBU-10C/B Navy Paveway II",
    "Category": "Munition",
    "Filter": "Bomb",
    "Description": "Laser-guided 2000lb bomb with low drag.",
    "Tactics": "Laser-guided bombs must be continually guided towards a target or else they suffer poor accuracy, but aircraft with targeting pods can turn their nose away from a target while still maintaining a laser spot, allowing strike aircraft to perform maneuvers."
  },
  {
    "Name": "GBU10D",
    "DisplayName": "GBU-10D/B Paveway II",
    "Category": "Munition",
    "Filter": "Bomb",
    "Description": "Laser-guided 2000lb bomb with low drag.",
    "Tactics": "Laser-guided bombs must be continually guided towards a target or else they suffer poor accuracy, but aircraft with targeting pods can turn their nose away from a target while still maintaining a laser spot, allowing strike aircraft to perform maneuvers."
  },
  {
    "Name": "GBU10D_N",
    "DisplayName": "GBU-10D/B Navy Paveway II",
    "Category": "Munition",
    "Filter": "Bomb",
    "Description": "Laser-guided 2000lb bomb with low drag.",
    "Tactics": "Laser-guided bombs must be continually guided towards a target or else they suffer poor accuracy, but aircraft with targeting pods can turn their nose away from a target while still maintaining a laser spot, allowing strike aircraft to perform maneuvers."
  },
  {
    "Name": "GBU12B",
    "DisplayName": "GBU-12B/B Paveway II",
    "Category": "Munition",
    "Filter": "Bomb",
    "Description": "Laser-guided 500lb bomb with low drag.",
    "Tactics": "Laser-guided bombs must be continually guided towards a target or else they suffer poor accuracy, but aircraft with targeting pods can turn their nose away from a target while still maintaining a laser spot, allowing strike aircraft to perform maneuvers."
  },
  {
    "Name": "GBU12C",
    "DisplayName": "GBU-12C/B Paveway II",
    "Category": "Munition",
    "Filter": "Bomb",
    "Description": "Laser-guided 500lb bomb with low drag.",
    "Tactics": "Laser-guided bombs must be continually guided towards a target or else they suffer poor accuracy, but aircraft with targeting pods can turn their nose away from a target while still maintaining a laser spot, allowing strike aircraft to perform maneuvers."
  },
  {
    "Name": "GBU12C_N",
    "DisplayName": "GBU-12C/B Navy Paveway II",
    "Category": "Munition",
    "Filter": "Bomb",
    "Description": "Laser-guided 500lb bomb with low drag.",
    "Tactics": "Laser-guided bombs must be continually guided towards a target or else they suffer poor accuracy, but aircraft with targeting pods can turn their nose away from a target while still maintaining a laser spot, allowing strike aircraft to perform maneuvers."
  },
  {
    "Name": "GBU12D",
    "DisplayName": "GBU-12D/B Paveway II",
    "Category": "Munition",
    "Filter": "Bomb",
    "Description": "Laser-guided 500lb bomb with low drag.",
    "Tactics": "Laser-guided bombs must be continually guided towards a target or else they suffer poor accuracy, but aircraft with targeting pods can turn their nose away from a target while still maintaining a laser spot, allowing strike aircraft to perform maneuvers."
  },
  {
    "Name": "GBU16",
    "DisplayName": "GBU-16/B Paveway II",
    "Category": "Munition",
    "Filter": "Bomb",
    "Description": "Laser-guided 1000lb bomb with low drag.",
    "Tactics": "Laser-guided bombs must be continually guided towards a target or else they suffer poor accuracy, but aircraft with targeting pods can turn their nose away from a target while still maintaining a laser spot, allowing strike aircraft to perform maneuvers."
  },
  {
    "Name": "GBU16B_N",
    "DisplayName": "GBU-16B/B Navy Paveway II",
    "Category": "Munition",
    "Filter": "Bomb",
    "Description": "Laser-guided 1000lb bomb with low drag.",
    "Tactics": "Laser-guided bombs must be continually guided towards a target or else they suffer poor accuracy, but aircraft with targeting pods can turn their nose away from a target while still maintaining a laser spot, allowing strike aircraft to perform maneuvers."
  },
  {
    "Name": "GBU16C_N",
    "DisplayName": "GBU-16C/B Navy Paveway II",
    "Category": "Munition",
    "Filter": "Bomb",
    "Description": "Laser-guided 1000lb bomb with low drag.",
    "Tactics": "Laser-guided bombs must be continually guided towards a target or else they suffer poor accuracy, but aircraft with targeting pods can turn their nose away from a target while still maintaining a laser spot, allowing strike aircraft to perform maneuvers."
  },
  {
    "Name": "GBU22",
    "DisplayName": "GBU-22/B Paveway III",
    "Category": "Munition",
    "Filter": "Bomb",
    "Description": "Advanced GPS/laser-guided 500lb bomb with low drag.",
    "Tactics": "GPS/laser guided bombs are complex, advanced, and long ranged, capable of multiple simultaneous bomb strikes against separate targets while retaining the high accuracy of laser guided bombs. The best of both worlds."
  },
  {
    "Name": "GBU24",
    "DisplayName": "GBU-24/B Paveway III",
    "Category": "Munition",
    "Filter": "Bomb",
    "Description": "Advanced GPS/laser-guided 2000lb bomb with low drag.",
    "Tactics": "GPS/laser guided bombs are complex, advanced, and long ranged, capable of multiple simultaneous bomb strikes against separate targets while retaining the high accuracy of laser guided bombs. The best of both worlds."
  },
  {
    "Name": "GBU24A",
    "DisplayName": "GBU-24A/B Paveway III",
    "Category": "Munition",
    "Filter": "Bomb",
    "Description": "Advanced GPS/laser-guided 2000lb bomb with low drag.",
    "Tactics": "GPS/laser guided bombs are complex, advanced, and long ranged, capable of multiple simultaneous bomb strikes against separate targets while retaining the high accuracy of laser guided bombs. The best of both worlds."
  },
  {
    "Name": "GBU24B",
    "DisplayName": "GBU-24B/B Paveway III",
    "Category": "Munition",
    "Filter": "Bomb",
    "Description": "Advanced GPS/laser-guided 2000lb bunker-buster bomb with low drag.",
    "Tactics": "GPS/laser guided bombs are complex, advanced, and long ranged, capable of multiple simultaneous bomb strikes against separate targets while retaining the high accuracy of laser guided bombs. The best of both worlds."
  },
  {
    "Name": "GBU24N",
    "DisplayName": "GBU-24N/B Navy Paveway III",
    "Category": "Munition",
    "Filter": "Bomb",
    "Description": "Advanced GPS/laser-guided 2000lb bomb with low drag.",
    "Tactics": "GPS/laser guided bombs are complex, advanced, and long ranged, capable of multiple simultaneous bomb strikes against separate targets while retaining the high accuracy of laser guided bombs. The best of both worlds."
  },
  {
    "Name": "GBU27",
    "DisplayName": "GBU-27/B Paveway III",
    "Category": "Munition",
    "Filter": "Bomb",
    "Description": "Advanced GPS/laser-guided 2000lb bunker-buster bomb with low drag.",
    "Tactics": "GPS/laser guided bombs are complex, advanced, and long ranged, capable of multiple simultaneous bomb strikes against separate targets while retaining the high accuracy of laser guided bombs. The best of both worlds."
  },
  {
    "Name": "GBU28",
    "DisplayName": "GBU-28/B Paveway III",
    "Category": "Munition",
    "Filter": "Bomb",
    "Description": "Advanced GPS/laser-guided 5000lb bunker-buster bomb with low drag. Very devastating.",
    "Tactics": "GPS/laser guided bombs are complex, advanced, and long ranged, capable of multiple simultaneous bomb strikes against separate targets while retaining the high accuracy of laser guided bombs. The best of both worlds. This bomb is a 5000 pound super-heavy bunker buster bomb with a 625 pound explosive charge. The charge may not seem like much, but the sheer kinetic energy from this bomb imparts a mild earthquake effect to nearby buildings, obliterating anything non-hardened in the blast, while ensuring whatever the bomb directly hit ceases to be."
  }
]
