{
    "Name": "AIM7F",
    "DisplayName": "AIM-7F",
    "Description": "Radar guided air to air missile",
    "StoreType": "Munition",
    "ModelPath": "assets/mod/weapons/missiles/aim7/aim7f/aim7f.fbx",
    "FireSound": "event:/Weapons/MissileLaunchMedium",
    "DotColors": [ 235, 235, 231 ],
    "Mass": 231.0,
    "Length": 3.7,
    "Diameter": 0.200,
    "Drag": 0.035,
	
  "MotorStages": [
    {
      "Duration": 4.5,
      "Delay": 0.25,
      "Thrust": 25.6,
      "FXParent": "Motor1",
      "FXName": "Effects/MissileMotors/Medium"
    },
    {
      "Duration": 11,
      "Delay": 4.75,
      "Thrust": 4.5,
      "FXParent": "Motor1",
      "FXName": "Effects/MissileMotors/Small"
    }
  ],
  "Guidance": {
    "GuideType": "SemiActiveRadar",
    "MaxG": 25,
    "MaxRange": 76000,
    "EffectiveRange": 43500,
    "SeekerDelay": 0.85,
    "SeekerFOV": 60,
    "MaxTurnRate": 20,
    "SpeedOptimal": 75,
    "SpeedMinimum": 50
  },
  "Warhead": {
    "ArmTime": 2.5,
    "BlastRadius": 35.0,
    "ImpactDamage": 0,
    "SplashDamage": 250,
    "Force": 1500.0,
    "Fuze": "Proximity",
    "ProximityDistance": 7.5,
    "SelfDestruct": 105
  },
  "Effects": {
    "Air": "Effects/Explosion/ExplosionAirMedium",
    "Ground": "Effects/Explosion/ExplosionGroundMedium",
    "Water": "Effects/Explosion/ExplosionWaterMedium"
  }
}