{
  "Name": "Mk81",
  "DisplayName": "Mk81",
  "Description": "Low drag 250lb unguided explosive bomb",
  "StoreType": "Munition",
  "ModelPath": "assets/mod/weapons/bombs/mk/mk81.fbx",
  "DotColors": [ 69, 76, 26 ],
  "Mass": 119.0,
  "Length": 1.88,
  "Diameter": 0.23,
  "Drag": 0.02,

  "Warhead": {
    "ArmTime": 1.0,
    "BlastRadius": 35.0,
    "ImpactDamage": 100,
    "ImpactPenetration": 1,
    "SplashDamage": 50,
    "Force": 6000.0,
    "Fuze": "Impact"
  },
  "Effects": {
    "Air": "Effects/Explosion/ExplosionAirSmall",
    "Ground": "Effects/Explosion/ExplosionGroundSmall",
    "Water": "Effects/Explosion/ExplosionWaterSmall",
    "CraterSize": "Medium"
  }
}