{
  "Name": "Mk83",
  "DisplayName": "Mk83",
  "Description": "Low drag 1000lb unguided explosive bomb",
  "StoreType": "Munition",
  "ModelPath": "assets/mod/weapons/bombs/mk/mk83.fbx",
  "DotColors": [ 69, 76, 26 ],
  "Mass": 460.0,
  "Length": 3.0,
  "Diameter": 0.37,
  "Drag": 0.02,

  "Warhead": {
    "ArmTime": 1.0,
    "BlastRadius": 100.0,
    "ImpactDamage": 400,
    "ImpactPenetration": 1,
    "SplashDamage": 200,
    "Force": 8000.0,
    "Fuze": "Impact"
  },
  "Effects": {
    "Air": "Effects/Explosion/ExplosionAirMedium",
    "Ground": "Effects/Explosion/ExplosionGroundMedium",
    "Water": "Effects/Explosion/ExplosionWaterMedium",
    "CraterSize": "Large"
  }
}