{
  "Name": "Mk84",
  "DisplayName": "Mk84",
  "Description": "Low drag 2000lb unguided explosive bomb",
  "StoreType": "Munition",
  "ModelPath": "assets/mod/weapons/bombs/mk/mk84.fbx",
  "DotColors": [ 69, 76, 26 ],
  "Mass": 925.0,
  "Length": 3.28,
  "Diameter": 0.46,
  "Drag": 0.02,

  "Warhead": {
    "ArmTime": 1.0,
    "BlastRadius": 150.0,
    "ImpactDamage": 800,
    "ImpactPenetration": 1,
    "SplashDamage": 300,
    "Force": 12000.0,
    "Fuze": "Impact"
  },
  "Effects": {
    "Air": "Effects/Explosion/ExplosionAirLarge",
    "Ground": "Effects/Explosion/ExplosionGroundLarge",
    "Water": "Effects/Explosion/ExplosionWaterMedium",
    "CraterSize": "Huge"
  }
}