{
    "Name": "AIM120C",
    "DisplayName": "AIM-120C",
    "Description": "Medium-Range Active Radar guided air to air missile with countermeasure rejection.",
    "StoreType": "Munition",
    "ModelPath": "assets/mod/weapons/missiles/aim120/aim120c/aim120c.fbx",
    "FireSound": "event:/Weapons/MissileLaunchMedium",
    "DotColors": [ 235, 235, 231 ],
    "Mass": 157.5,
    "Length": 3.66,
    "Diameter": 0.178,
    "Drag": 0.02,
	
  "MotorStages": [
    {
      "Duration": 0.5,
      "Delay": 0.5,
      "Thrust": 0,
      "FXParent": "Motor1",
      "FXName": "Effects/MissileMotors/Small"
    },
    {
      "Duration": 8.7,
      "Delay": 0.5,
      "Thrust": 17.5,
      "FXParent": "Motor1",
      "FXName": "Effects/MissileMotors/SmallSmokeless"
    }
  ],
  "Guidance": {
    "GuideType": "ActiveRadar",
    "Navigation": "Loft",
    "LoftAngleMax": 15.0,
    "LoftMinTTI": 10.0,
    "LoftMaxTTI": 20.0,
    "MaxG": 35,
    "MaxRange": 120000,
    "EffectiveRange": 150000,
    "SeekerDelay": 0.9,
    "SeekerFOV": 60,
    "MaxTurnRate": 35,
    "SpeedOptimal": 75,
    "SpeedMinimum": 50,
    "CountermeasureRate": 0.48
  },
  "Warhead": {
    "ArmTime": 2,
    "BlastRadius": 45.0,
    "ImpactDamage": 0,
    "SplashDamage": 225,
    "Force": 1500.0,
    "Fuze": "Proximity",
    "ProximityDistance": 12.5,
    "SelfDestruct": 155
  },
  "Effects": {
    "Air": "Effects/Explosion/ExplosionAirMedium",
    "Ground": "Effects/Explosion/ExplosionGroundMedium",
    "Water": "Effects/Explosion/ExplosionWaterMedium"
  }
}