{
  "Name": "M117A3",
  "DisplayName": "M117A3",
  "Description": "Low drag 750lb unguided explosive bomb",
  "StoreType": "Munition",
  "ModelPath": "assets/mod/weapons/bombs/m117/m-117a3.fbx",
  "DotColors": [ 69, 76, 26 ],
  "Mass": 362.4,
  "Length": 2.16,
  "Diameter": 0.408,
  "Drag": 0.03,

  "Warhead": {
    "ArmTime": 1.0,
    "BlastRadius": 75.0,
    "ImpactDamage": 300,
    "ImpactPenetration": 1,
    "SplashDamage": 150,
    "Force": 6000.0,
    "Fuze": "Impact"
  },
  "Effects": {
    "Air": "Effects/Explosion/ExplosionAirMedium",
    "Ground": "Effects/Explosion/ExplosionGroundMedium",
    "Water": "Effects/Explosion/ExplosionWaterMedium",
    "CraterSize": "Large"
  }
}