{
    "Name": "AIM26B",
    "DisplayName": "AIM-26B",
    "Description": "Medium range SARH guided missile",
    "StoreType": "Munition",
    "ModelPath": "assets/mod/weapons/missiles/aim4/aim26b.fbx",
    "FireSound": "event:/Weapons/MissileLaunchLight",
    "DotColors": [ 235, 235, 231 ],
    "Mass": 94.5,
    "Length": 2.14,
    "Diameter": 0.279,
    "Drag": 0.035,
	
  "MotorStages": [
    {
      "Duration": 2.61,
      "Delay": 0.0,
      "Thrust": 25.4,
      "FXParent": "Motor1",
      "FXName": "Effects/MissileMotors/Medium"
    }
  ],
  "Guidance": {
    "GuideType": "SemiActiveRadar",
    "MaxG": 28,
    "MaxRange": 25600,
    "EffectiveRange": 16500,
    "SeekerDelay": 0.61,
    "SeekerFOV": 30,
    "MaxTurnRate": 16,
    "SpeedOptimal": 75,
    "SpeedMinimum": 50,
    "CountermeasureRate": 0.75
  },
  "Warhead": {
    "ArmTime": 1.5,
    "BlastRadius": 45.0,
    "ImpactDamage": 150,
    "SplashDamage": 190,
    "Force": 1500.0,
    "Fuze": "Proximity",
    "ProximityDistance": 15.0,
    "SelfDestruct": 20
  },
  "Effects": {
    "Air": "Effects/Explosion/ExplosionGroundMedium",
    "Ground": "Effects/Explosion/ExplosionGroundMedium",
    "Water": "Effects/Explosion/ExplosionGroundMedium"
  }
}