{
  "Name": "R40R",
  "DisplayName": "R-40R",
  "Description": "Long-range SARH telephone pole",
  "StoreType": "Munition",
  "ModelPath": "assets/mod/weapons/missiles/acrid/r40r.fbx",
  "FireSound": "event:/Weapons/MissileLaunchHeavy",
  "DotColors": [ 101, 118, 87 ],
  "Mass": 468.7,
  "Length": 6.379,
  "Diameter": 0.300,
  "Drag": 0.07,

  "MotorStages": [
    {
      "Duration": 6.0,
      "Delay": 0.00,
      "Thrust": 22.4,
      "FXParent": "Motor1",
      "FXName": "Effects/MissileMotors/Medium"
    },
    {
      "Duration": 6.0,
      "Delay": 0.00,
      "Thrust": 22.4,
      "FXParent": "Motor2",
      "FXName": "Effects/MissileMotors/Medium"
    }
  ],
  "Guidance": {
    "GuideType": "SemiActiveRadar",
    "MaxG": 8,
    "MaxRange": 42750,
    "EffectiveRange": 36525,
    "SeekerDelay": 1.8,
    "SeekerFOV": 50,
    "MaxTurnRate": 20,
    "SpeedOptimal": 75,
    "SpeedMinimum": 50,
    "CountermeasureRate": 0.81
  },
  "Warhead": {
    "ArmTime": 2.5,
    "BlastRadius": 35.0,
    "ImpactDamage": 0,
    "SplashDamage": 310,
    "Force": 4500.0,
    "Fuze": "Proximity",
    "ProximityDistance": 7.0,
    "SelfDestruct": 60
  },
  "Effects": {
    "Air": "Effects/Explosion/ExplosionAirLarge",
    "Ground": "Effects/Explosion/ExplosionGroundLarge",
    "Water": "Effects/Explosion/ExplosionWaterLarge"
  }
}
