{
    "Name": "R14R",
    "DisplayName": "R-14R Super Atoll",
    "Description": "Soviet sidewinder derivative with 160mm motor and high agility fins, with SARH seeker.",
    "StoreType": "Munition",
    "ModelPath": "assets/mod/weapons/missiles/atoll/r14r.fbx",
    "FireSound": "event:/Weapons/MissileLaunchLight",
    "DotColors": [ 235, 235, 231 ],
    "Mass": 118.3,
    "Length": 3.07,
    "Diameter": 0.160,
    "Drag": 0.04,
	
  "MotorStages": [
    {
      "Duration": 1.8,
      "Delay": 0.0,
      "Thrust": 58.3,
      "FXParent": "Motor1",
      "FXName": "Effects/MissileMotors/Large"
    }
  ],
  "Guidance": {
    "GuideType": "SemiActiveRadar",
    "MaxG": 37,
    "MaxRange": 25250,
    "EffectiveRange": 20750,
    "SeekerDelay": 0.6,
    "SeekerFOV": 45,
    "MaxTurnRate": 20,
    "SpeedOptimal": 75,
    "SpeedMinimum": 50,
    "CountermeasureRate": 0.86
  },
  "Warhead": {
    "ArmTime": 1.0,
    "BlastRadius": 13.0,
    "ImpactDamage": 100,
    "SplashDamage": 150,
    "Force": 1500.0,
    "Fuze": "Proximity",
    "ProximityDistance": 5.0,
    "SelfDestruct": 75
  },
  "Effects": {
    "Air": "Effects/Explosion/ExplosionAirMedium",
    "Ground": "Effects/Explosion/ExplosionGroundMedium",
    "Water": "Effects/Explosion/ExplosionWaterMedium"
  }
}