{
    "Name": "AIM120C7alt",
    "DisplayName": "AIM-120C7",
    "Description": "Medium-Range Active Radar guided air to air missile with countermeasure rejection.",
    "StoreType": "Munition",
    "ModelPath": "assets/mod/weapons/missiles/aim120/alt/aim120c7.fbx",
    "FireSound": "event:/Weapons/MissileLaunchMedium",
    "DotColors": [ 235, 235, 231 ],
    "Mass": 160.2,
    "Length": 3.6,
    "Diameter": 0.178,
    "Drag": 0.02,
	
  "MotorStages": [
    {
      "Duration": 0.5,
      "Delay": 0.5,
      "Thrust": 0,
      "FXParent": "Motor1",
      "FXName": "Effects/MissileMotors/Small"
    },
    {
      "Duration": 10.5,
      "Delay": 0.5,
      "Thrust": 19.5,
      "FXParent": "Motor1",
      "FXName": "Effects/MissileMotors/SmallSmokeless"
    }
  ],
  "Guidance": {
    "GuideType": "ActiveRadar",
    "Navigation": "Loft",
    "LoftAngleMax": 20.0,
    "LoftMinTTI": 10.0,
    "LoftMaxTTI": 20.0,
    "MaxG": 35,
    "MaxRange": 150000,
    "EffectiveRange": 150000,
    "SeekerDelay": 0.9,
    "SeekerFOV": 70,
    "MaxTurnRate": 45,
    "SpeedOptimal": 75,
    "SpeedMinimum": 50,
    "CountermeasureRate": 0.41
  },
  "Warhead": {
    "ArmTime": 2,
    "BlastRadius": 50.0,
    "ImpactDamage": 0,
    "SplashDamage": 250,
    "Force": 1500.0,
    "Fuze": "Proximity",
    "ProximityDistance": 12.5,
    "SelfDestruct": 165
  },
  "Effects": {
    "Air": "Effects/Explosion/ExplosionAirMedium",
    "Ground": "Effects/Explosion/ExplosionGroundMedium",
    "Water": "Effects/Explosion/ExplosionWaterMedium"
  }
}