{
    "Name": "AIM120Aalt",
    "DisplayName": "AIM-120A",
    "Description": "Medium-Range Active Radar guided air to air missile with countermeasure rejection.",
    "StoreType": "Munition",
    "ModelPath": "assets/mod/weapons/missiles/aim120/alt/aim120a.fbx",
    "FireSound": "event:/Weapons/MissileLaunchMedium",
    "DotColors": [ 235, 235, 231 ],
    "Mass": 152.0,
    "Length": 3.66,
    "Diameter": 0.178,
    "Drag": 0.025,
	
  "MotorStages": [
    {
      "Duration": 0.8,
      "Delay": 0.5,
      "Thrust": 0,
      "FXParent": "Motor1",
      "FXName": "Effects/MissileMotors/Small"
    },
    {
      "Duration": 6.0,
      "Delay": 0.5,
      "Thrust": 14.0,
      "FXParent": "Motor1",
      "FXName": "Effects/MissileMotors/SmallSmokeless"
    },
    {
      "Duration": 5,
      "Delay": 6.5,
      "Thrust": 10.0,
      "FXParent": "Motor1",
      "FXName": "Effects/MissileMotors/SmallSmokeless"
    }
  ],
  "Guidance": {
    "GuideType": "ActiveRadar",
    "Navigation": "Loft",
    "LoftAngleMax": 10.0,
    "LoftMinTTI": 15.0,
    "LoftMaxTTI": 20.0,
    "MaxG": 28,
    "MaxRange": 95000,
    "EffectiveRange": 90000,
    "SeekerDelay": 1.0,
    "SeekerFOV": 60,
    "MaxTurnRate": 30,
    "SpeedOptimal": 75,
    "SpeedMinimum": 50,
    "CountermeasureRate": 0.7
  },
  "Warhead": {
    "ArmTime": 2,
    "BlastRadius": 45.0,
    "ImpactDamage": 0,
    "SplashDamage": 225,
    "Force": 1500.0,
    "Fuze": "Proximity",
    "ProximityDistance": 12.5,
    "SelfDestruct": 95
  },
  "Effects": {
    "Air": "Effects/Explosion/ExplosionAirMedium",
    "Ground": "Effects/Explosion/ExplosionGroundMedium",
    "Water": "Effects/Explosion/ExplosionWaterMedium"
  }
}