{
  "Name": "Mk20",
  "DisplayName": "CBU-100",
  "Description": "Anti-tank cluster bomb",
  "StoreType": "Munition",
  "ModelPath": "assets/mod/weapons/bombs/cbu/cbu100.fbx",
  "DotColors": [ 215, 216, 210 ],
  "Mass": 222.0,
  "Length": 2.3,
  "Diameter": 0.335,
  "Drag": 0.05,

  "Warhead": {
    "ArmTime": 1.0,
    "BlastRadius": 20.0,
    "ImpactDamage": 5,
    "SplashDamage": 15,
    "SplashPenetration": 2,
    "Force": 3000.0,
    "Fuze": "Airburst",
    "BurstHeight": 900.0,
    "IsClusterMunition": true,
    "BombletCount": 48,
    "BombletSpread": 10.0
  },
  "Effects": {
    "Air": "Effects/Explosion/ClusterAirBurst",
    "Ground": "Effects/Explosion/ClusterGroundBurst",
    "Water": "Effects/Impacts/WaterImpactSpike",
    "CraterSize": "Medium"
  },
  "FinDeploy": {
    "HasAnimation": true,
    "Delay": 0.5,
    "Deployed": "Extended",
    "Retracted": "Retracted"
  }
}