{
    "Name": "AGM79B",
    "DisplayName": "AGM-79B Blue Eye",
    "Description": "Optically-guided AGM. SAP Warhead replaces the airburst 600kg warhead.",
    "StoreType": "Munition",
    "ModelPath": "assets/mod/weapons/missiles/agm12/agm-79b.fbx",
    "FireSound": "event:/Weapons/MissileLaunchMedium",
    "DotColors": [ 101, 118, 87 ],
    "Mass": 875.7,
    "Length": 4.14,
    "Diameter": 0.461,
    "Drag": 0.05,
	
  "MotorStages": [
    {
      "Duration": 2.5,
      "Delay": 0.00,
      "Thrust": 160.2,
      "FXParent": "Motor1",
      "FXName": "Effects/MissileMotors/Large"
    }
  ],
  "Guidance": {
    "GuideType": "Visual",
    "Navigation": "Loft",
    "LoftAngleMax": 30.0,
    "LoftMinTTI": 10.0,
    "LoftMaxTTI": 20.0,
    "MaxG": 16,
    "MaxRange": 27040,
    "EffectiveRange": 25625,
    "SeekerDelay": 1.5,
    "SeekerFOV": 60,
    "MaxTurnRate": 17,
    "SpeedOptimal": 200,
    "SpeedMinimum": 100
  },
  "Warhead": {
    "ArmTime": 1.0,
    "BlastRadius": 100.0,
    "ImpactDamage": 800,
    "ImpactPenetration": 3,
    "SplashDamage": 100,
    "Force": 10000.0,
    "Fuze": "Impact",
    "SelfDestruct": 120
  },
  "Effects": {
    "Air": "Effects/Explosion/ExplosionAirMedium",
    "Ground": "Effects/Explosion/ExplosionGroundMedium",
    "Water": "Effects/Explosion/ExplosionWaterMedium",
    "CraterSize": "Large"
  }
}