{
    "Name": "AGM79A",
    "DisplayName": "AGM-79A Blue Eye",
    "Description": "Optically-guided AGM. Enhanced lethality 600kg airburst charge.",
    "StoreType": "Munition",
    "ModelPath": "assets/mod/weapons/missiles/agm12/agm-79b.fbx",
    "FireSound": "event:/Weapons/MissileLaunchMedium",
    "DotColors": [ 101, 118, 87 ],
    "Mass": 875.7,
    "Length": 4.14,
    "Diameter": 0.461,
    "Drag": 0.05,
	
  "MotorStages": [
    {
      "Duration": 2.5,
      "Delay": 0.00,
      "Thrust": 160.2,
      "FXParent": "Motor1",
      "FXName": "Effects/MissileMotors/Large"
    }
  ],
  "Guidance": {
    "GuideType": "Visual",
    "Navigation": "Loft",
    "LoftAngleMax": 30.0,
    "LoftMinTTI": 10.0,
    "LoftMaxTTI": 15.0,
    "MaxG": 16,
    "MaxRange": 27040,
    "EffectiveRange": 25625,
    "SeekerDelay": 1.5,
    "SeekerFOV": 60,
    "MaxTurnRate": 17,
    "SpeedOptimal": 200,
    "SpeedMinimum": 100
  },
  "Warhead": {
    "ArmTime": 2.0,
    "BlastRadius": 190.0,
    "ImpactDamage": 150,
    "ImpactPenetration": 1,
    "SplashDamage": 325,
    "Force": 10000.0,
    "Fuze": "Airburst",
    "BurstHeight": 40.0,
    "SelfDestruct": 120
  },
  "Effects": {
    "Air": "Effects/Explosion/ExplosionAirLarge",
    "Ground": "Effects/Explosion/ExplosionGroundLarge",
    "Water": "Effects/Explosion/ExplosionWaterMedium",
    "CraterSize": "Huge"
  }
}