{
    "Name": "AIM9B_dud",
    "DisplayName": "AIM-9B",
    "Description": "At least it guides, but maybe try making sure whatever you hit this thing with doesnt fly back home.",
    "StoreType": "Munition",
    "ModelPath": "assets/mod/weapons/missiles/aim9/aim9b/aim9b_1953.fbx",
    "FireSound": "event:/Weapons/MissileLaunchLight",
    "DotColors": [ 235, 235, 231 ],
    "Mass": 72.8,
    "Length": 2.9,
    "Diameter": 0.127,
    "Drag": 0.05,
	
  "MotorStages": [
    {
      "Duration": 2.3,
      "Delay": 0.0,
      "Thrust": 18.0,
      "FXParent": "Motor1",
      "FXName": "Effects/MissileMotors/Small"
    }
  ],
  "Guidance": {
    "GuideType": "Infrared",
    "MaxG": 10,
    "MaxRange": 14000,
    "EffectiveRange": 975,
    "SeekerDelay": 0.65,
    "SeekerFOV": 10,
    "MaxTurnRate": 10,
    "SpeedOptimal": 75,
    "SpeedMinimum": 50,
    "CountermeasureRate": 1.45
  },
  "Warhead": {
    "ArmTime": 9999.0,
    "BlastRadius": 0.0,
    "ImpactDamage": 0,
    "SplashDamage": 0,
    "Force": 0.0,
    "Fuze": "Proximity",
    "ProximityDistance": 0.0
  },
  "Effects": {
    "Air": "Effects/Explosion/ExplosionAirMedium",
    "Ground": "Effects/Explosion/ExplosionGroundMedium",
    "Water": "Effects/Explosion/ExplosionWaterMedium"
  }
}