{
  "Name": "AIM9H",
  "DisplayName": "AIM-9H",
  "Description": "IR guided air to air missile",
  "StoreType": "Munition",
  "ModelPath": "assets/mod/weapons/missiles/aim9/aim9h/aim9h.fbx",
  "FireSound": "event:/Weapons/MissileLaunchLight",
  "DotColors": [ 235, 235, 231 ],
  "Mass": 84.6,
  "Length": 2.85,
  "Diameter": 0.127,
  "Drag": 0.03,

  "MotorStages": [
    {
      "Duration": 5.3,
      "Delay": 0.0,
      "Thrust": 12.0,
      "FXParent": "Motor1",
      "FXName": "Effects/MissileMotors/Small"
    }
  ],
  "Guidance": {
    "GuideType": "Infrared",
    "MaxG": 25,
    "MaxRange": 18000,
    "EffectiveRange": 2335,
    "SeekerDelay": 0.25,
    "SeekerFOV": 40,
    "MaxTurnRate": 24,
    "SpeedOptimal": 75,
    "SpeedMinimum": 50,
    "CountermeasureRate": 0.88
  },
  "Warhead": {
    "ArmTime": 1.25,
    "BlastRadius": 10.0,
    "ImpactDamage": 100,
    "SplashDamage": 200,
    "Force": 1500.0,
    "Fuze": "Proximity",
    "ProximityDistance": 7.5,
    "SelfDestruct": 60
  },
  "Effects": {
    "Air": "Effects/Explosion/ExplosionAirMedium",
    "Ground": "Effects/Explosion/ExplosionGroundMedium",
    "Water": "Effects/Explosion/ExplosionWaterMedium"
  }
}