{
    "Name": "PL4B",
    "DisplayName": "PL-4B",
    "Description": "what in the fresh hell is this? Cooled PL-2 seeker in a sparrow fuselage? what? did the soviets bribe chinese AAM engineers to make IR versions of every goddamn missile in the universe?",
    "StoreType": "Munition",
    "ModelPath": "assets/mod/weapons/missiles/pili/pl4b.fbx",
    "FireSound": "event:/Weapons/MissileLaunchMedium",
    "DotColors": [ 235, 235, 231 ],
    "Mass": 171.4,
    "Length": 3.5,
    "Diameter": 0.200,
    "Drag": 0.04,
	
  "MotorStages": [
    {
      "Duration": 2.6,
      "Delay": 0.25,
      "Thrust": 34.3,
      "FXParent": "Motor1",
      "FXName": "Effects/MissileMotors/Large"
    }
  ],
  "Guidance": {
    "GuideType": "Infrared",
    "MaxG": 14,
    "MaxRange": 15000,
    "EffectiveRange": 4875,
    "SeekerDelay": 0.5,
    "SeekerFOV": 28,
    "MaxTurnRate": 12,
    "SpeedOptimal": 75,
    "SpeedMinimum": 50,
    "CountermeasureRate": 1.01
  },
  "Warhead": {
    "ArmTime": 2.5,
    "BlastRadius": 30.0,
    "ImpactDamage": 0,
    "SplashDamage": 200,
    "Force": 1500.0,
    "Fuze": "Proximity",
    "ProximityDistance": 8.0,
    "SelfDestruct": 60
  },
  "Effects": {
    "Air": "Effects/Explosion/ExplosionAirMedium",
    "Ground": "Effects/Explosion/ExplosionGroundMedium",
    "Water": "Effects/Explosion/ExplosionWaterMedium"
  }
}