{
    "Name": "PL9A",
    "DisplayName": "PL-9A",
    "Description": "Big PL-5E made from PL-8B parts",
    "StoreType": "Munition",
    "ModelPath": "assets/mod/weapons/missiles/pili/pl9.fbx",
    "FireSound": "event:/Weapons/MissileLaunchMedium",
    "DotColors": [ 235, 235, 231 ],
    "Mass": 116.3,
    "Length": 2.92,
    "Diameter": 0.160,
    "Drag": 0.05,
	
  "MotorStages": [
    {
      "Duration": 1.25,
      "Delay": 0.0,
      "Thrust": 35.1,
      "FXParent": "Motor1",
      "FXName": "Effects/MissileMotors/Medium"
    },
    {
      "Duration": 2.75,
      "Delay": 1.10,
      "Thrust": 16.2,
      "FXParent": "Motor1",
      "FXName": "Effects/MissileMotors/Small"
    }
  ],
  "Guidance": {
    "GuideType": "Infrared",
    "MaxG": 37,
    "MaxRange": 16500,
    "EffectiveRange": 6950,
    "SeekerDelay": 0.36,
    "SeekerFOV": 40,
    "MaxTurnRate": 35,
    "SpeedOptimal": 75,
    "SpeedMinimum": 50,
    "CountermeasureRate": 0.74
  },
  "Warhead": {
    "ArmTime": 1.0,
    "BlastRadius": 13.0,
    "ImpactDamage": 100,
    "SplashDamage": 220,
    "Force": 1500.0,
    "Fuze": "Proximity",
    "ProximityDistance": 8.0,
    "SelfDestruct": 60
  },
  "Effects": {
    "Air": "Effects/Explosion/ExplosionAirMedium",
    "Ground": "Effects/Explosion/ExplosionGroundMedium",
    "Water": "Effects/Explosion/ExplosionWaterMedium"
  }
}