{
  "Name": "GBU10B",
  "DisplayName": "GBU-10B Paveway I",
  "Description": "Low drag 2000lb laser-guided explosive bomb",
  "StoreType": "Munition",
  "ModelPath": "assets/mod/weapons/bombs/gbu10/gbu-10b.fbx",
  "DotColors": [ 69, 76, 26 ],
  "Mass": 958.4,
  "Length": 4.32,
  "Diameter": 0.457,
  "Drag": 0.02,

  "Guidance": {
    "GuideType": "Command",
    "Navigation": "Loft",
    "LoftAngleMax": 10,
    "LoftMinTTI": 7.5,
    "LoftMaxTTI": 15.0,
    "Prediction": 0.5,
    "MaxG": 10,
    "MaxRange": 120400,
    "EffectiveRange": 9625,
    "SeekerDelay": 1.5,
    "MaxTurnRate": 15,
    "SpeedOptimal": 200,
    "SpeedMinimum": 100
  },
  "Warhead": {
    "ArmTime": 1.0,
    "BlastRadius": 150.0,
    "ImpactDamage": 800,
    "ImpactPenetration": 1,
    "SplashDamage": 300,
    "Force": 12000.0,
    "Fuze": "Impact",
    "SelfDestruct": 3600
  },
  "Effects": {
    "Air": "Effects/Explosion/ExplosionAirLarge",
    "Ground": "Effects/Explosion/ExplosionGroundLarge",
    "Water": "Effects/Explosion/ExplosionWaterMedium",
    "CraterSize": "Huge"
  }
}