{
    "Name": "AIM7P",
    "DisplayName": "AIM-7P",
    "Description": "Radar guided air to air missile",
    "StoreType": "Munition",
    "ModelPath": "assets/mod/weapons/missiles/aim7/aim7p/aim7p.fbx",
    "FireSound": "event:/Weapons/MissileLaunchMedium",
    "DotColors": [ 235, 235, 231 ],
    "Mass": 241.0,
    "Length": 3.7,
    "Diameter": 0.200,
    "Drag": 0.03,
	
  "MotorStages": [
    {
      "Duration": 5.0,
      "Delay": 0.25,
      "Thrust": 25.7,
      "FXParent": "Motor1",
      "FXName": "Effects/MissileMotors/Small"
    },
    {
      "Duration": 12.4,
      "Delay": 5.25,
      "Thrust": 5.8,
      "FXParent": "Motor1",
      "FXName": "Effects/MissileMotors/SmallSmokeless"
    }
  ],
  "Guidance": {
    "GuideType": "SemiActiveRadar",
    "Navigation": "Loft",
    "LoftAngleMax": 15.0,
    "LoftMinTTI": 10.0,
    "LoftMaxTTI": 20.0,
    "MaxG": 28,
    "MaxRange": 120000,
    "EffectiveRange": 310000,
    "SeekerDelay": 0.85,
    "SeekerFOV": 60,
    "MaxTurnRate": 35,
    "SpeedOptimal": 75,
    "SpeedMinimum": 50
  },
  "Warhead": {
    "ArmTime": 2.5,
    "BlastRadius": 35.0,
    "ImpactDamage": 0,
    "SplashDamage": 250,
    "Force": 1500.0,
    "Fuze": "Proximity",
    "ProximityDistance": 7.5,
    "SelfDestruct": 164
  },
  "Effects": {
    "Air": "Effects/Explosion/ExplosionAirMedium",
    "Ground": "Effects/Explosion/ExplosionGroundMedium",
    "Water": "Effects/Explosion/ExplosionWaterMedium"
  }
}