{
    "Name": "R24R",
    "DisplayName": "R-24R",
    "Description": "Radar guided air to air missile",
    "StoreType": "Munition",
    "ModelPath": "assets/mod/weapons/missiles/apex/r24r.fbx",
    "FireSound": "event:/Weapons/MissileLaunchMedium",
    "DotColors": [ 235, 235, 235 ],
    "Mass": 244.5,
    "Length": 4.48,
    "Diameter": 0.223,
    "Drag": 0.04,
	
  "MotorStages": [
    {
      "Duration": 6.0,
      "Delay": 0.0,
      "Thrust": 35.0,
      "FXParent": "Motor1",
      "FXName": "Effects/MissileMotors/Medium"
    }
  ],
  "Guidance": {
    "GuideType": "SemiActiveRadar",
    "MaxG": 24,
    "MaxRange": 51750,
    "EffectiveRange": 36525,
    "SeekerDelay": 1.8,
    "SeekerFOV": 50,
    "MaxTurnRate": 20,
    "SpeedOptimal": 75,
    "SpeedMinimum": 50,
    "CountermeasureRate": 0.71
  },
  "Warhead": {
    "ArmTime": 2.5,
    "BlastRadius": 30.0,
    "ImpactDamage": 0,
    "SplashDamage": 265,
    "Force": 4500.0,
    "Fuze": "Proximity",
    "ProximityDistance": 10,
    "SelfDestruct": 45
  },
  "Effects": {
    "Air": "Effects/Explosion/ExplosionAirMedium",
    "Ground": "Effects/Explosion/ExplosionGroundMedium",
    "Water": "Effects/Explosion/ExplosionWaterMedium"
  }
}