{
  "Name": "R40RD",
  "DisplayName": "R-40RD",
  "Description": "Long-range SARH telephone pole",
  "StoreType": "Munition",
  "ModelPath": "assets/mod/weapons/missiles/acrid/r40rd.fbx",
  "FireSound": "event:/Weapons/MissileLaunchHeavy",
  "DotColors": [ 101, 118, 87 ],
  "Mass": 511.2,
  "Length": 6.652,
  "Diameter": 0.300,
  "Drag": 0.03,

  "MotorStages": [
    {
      "Duration": 7.2,
      "Delay": 0.45,
      "Thrust": 27.6,
      "FXParent": "Motor1",
      "FXName": "Effects/MissileMotors/Medium"
    },
    {
      "Duration": 7.2,
      "Delay": 0.45,
      "Thrust": 27.6,
      "FXParent": "Motor2",
      "FXName": "Effects/MissileMotors/Medium"
    }
  ],
  "Guidance": {
    "GuideType": "SemiActiveRadar",
    "MaxG": 14,
    "MaxRange": 72425,
    "EffectiveRange": 43750,
    "SeekerDelay": 1.60,
    "SeekerFOV": 55,
    "MaxTurnRate": 20,
    "SpeedOptimal": 75,
    "SpeedMinimum": 50,
    "CountermeasureRate": 0.85
  },
  "Warhead": {
    "ArmTime": 2.5,
    "BlastRadius": 40.0,
    "ImpactDamage": 0,
    "SplashDamage": 435,
    "Force": 4500.0,
    "Fuze": "Proximity",
    "ProximityDistance": 12.5,
    "SelfDestruct": 90
  },
  "Effects": {
    "Air": "Effects/Explosion/ExplosionAirLarge",
    "Ground": "Effects/Explosion/ExplosionGroundLarge",
    "Water": "Effects/Explosion/ExplosionWaterLarge"
  }
}
