{
    "Name": "R60A",
    "DisplayName": "R-60A",
    "Description": "Highly maneuverable IR guided air to air missile designed for dogfighting",
    "StoreType": "Munition",
    "ModelPath": "assets/mod/weapons/missiles/aphid/r60a.fbx",
    "FireSound": "event:/Weapons/MissileLaunchLight",
    "DotColors": [ 101, 118, 87 ],
    "Mass": 43.0,
    "Length": 2.05,
    "Diameter": 0.12,
    "Drag": 0.03,
	
  "MotorStages": [
    {
      "Duration": 3.45,
      "Delay": 0.0,
      "Thrust": 9.5,
      "FXParent": "Motor1",
      "FXName": "Effects/MissileMotors/Small"
    }
  ],
  "Guidance": {
    "GuideType": "Infrared",
    "MaxG": 30,
    "MaxRange": 10000,
    "EffectiveRange": 1300,
    "SeekerDelay": 0.35,
    "SeekerFOV": 12,
    "MaxTurnRate": 35,
    "SpeedOptimal": 75,
    "SpeedMinimum": 50,
    "CountermeasureRate": 1.07
  },
  "Warhead": {
    "ArmTime": 1.0,
    "BlastRadius": 15.0,
    "ImpactDamage": 0,
    "SplashDamage": 65,
    "Force": 1500.0,
    "Fuze": "Proximity",
    "ProximityDistance": 2.0,
    "SelfDestruct": 25
  },
  "Effects": {
    "Air": "Effects/Explosion/ExplosionAirMedium",
    "Ground": "Effects/Explosion/ExplosionGroundMedium",
    "Water": "Effects/Explosion/ExplosionWaterMedium"
  }
}