{
    "Name": "AIM54B",
    "DisplayName": "AIM-54B",
    "Description": "Radar guided long range air to air missile",
    "StoreType": "Munition",
    "ModelPath": "assets/mod/weapons/missiles/aim54/aim54b/aim54b.fbx",
    "FireSound": "event:/Weapons/MissileLaunchMedium",
    "DotColors": [ 235, 235, 231 ],
    "Mass": 451.0,
    "Length": 3.9,
    "Diameter": 0.380,
    "Drag": 0.06,
	
  "MotorStages": [
    {
      "Duration": 5,
      "Delay": 0.5,
      "Thrust": 48,
      "FXParent": "Motor1",
      "FXName": "Effects/MissileMotors/Large"
    },
    {
      "Duration": 20,
      "Delay": 5.5,
      "Thrust": 22,
      "FXParent": "Motor1",
      "FXName": "Effects/MissileMotors/Medium"
    }
  ],
  "Guidance": {
    "GuideType": "ActiveRadar",
    "Navigation": "Loft",
    "LoftAngleMax": 20.0,
    "LoftMinTTI": 10.0,
    "LoftMaxTTI": 20.0,
    "MaxG": 25,
    "MaxRange": 220000,
    "EffectiveRange": 195000,
    "SeekerDelay": 3.0,
    "SeekerFOV": 60,
    "MaxTurnRate": 24,
    "SpeedOptimal": 75,
    "SpeedMinimum": 50,
  },
  "Warhead": {
    "ArmTime": 2.5,
    "BlastRadius": 40.0,
    "ImpactDamage": 150,
    "SplashDamage": 400,
    "Force": 1500.0,
    "Fuze": "Proximity",
    "ProximityDistance": 20,
    "SelfDestruct": 160
  },
  "Effects": {
    "Air": "Effects/Explosion/ExplosionAirLarge",
    "Ground": "Effects/Explosion/ExplosionGroundLarge",
    "Water": "Effects/Explosion/ExplosionWaterMedium",
  }
}