{
  "Name": "Mk20",
  "DisplayName": "CBU-100",
  "Description": "Anti-tank cluster bomb",
  "StoreType": "Munition",
  "ModelPath": "Weapons/Bombs/Mk20/Mk20",
  "DotColors": [ 215, 216, 210 ],
  "Mass": 222.0,
  "Length": 2.3,
  "Diameter": 0.335,
  "Drag": 0.05,

  "Warhead": {
    "ArmTime": 1.0,
    "BlastRadius": 20.0,
    "ImpactDamage": 0,
    "SplashDamage": 15,
    "SplashPenetration": 2,
    "Force": 3000.0,
    "Fuze": "Airburst",
    "BurstHeight": 900.0,
    "IsClusterMunition": true,
    "BombletCount": 247,
    "BombletSpread": 15.0
  },
  "Effects": {
    "Air": "Effects/Explosion/ClusterAirBurst",
    "Ground": "Effects/Explosion/ClusterGroundBurst",
    "Water": "Effects/Impacts/WaterImpactSpike",
    "CraterSize": "Medium"
  },
  "FinDeploy": {
    "HasAnimation": true,
    "Delay": 0.5,
    "Deployed": "Mk20FinsDeployed",
    "Retracted": "Mk20Fins"
  }
}