{
    "Name": "Rb28",
    "DisplayName": "Rb 28",
    "Description": "Short range early IR guided missile",
    "StoreType": "Munition",
    "ModelPath": "assets/mod/weapons/missiles/aim4/rb28.fbx",
    "FireSound": "event:/Weapons/MissileLaunchLight",
    "DotColors": [ 235, 235, 231 ],
    "Mass": 61.1,
    "Length": 1.98,
    "Diameter": 0.163,
    "Drag": 0.03,
	
  "MotorStages": [
    {
      "Duration": 1.4,
      "Delay": 0.0,
      "Thrust": 28.7,
      "FXParent": "Motor1",
      "FXName": "Effects/MissileMotors/Small"
    }
  ],
  "Guidance": {
    "GuideType": "Infrared",
    "MaxG": 19,
    "MaxRange": 12040,
    "EffectiveRange": 2450,
    "SeekerDelay": 1.4,
    "SeekerFOV": 48,
    "MaxTurnRate": 17,
    "SpeedOptimal": 75,
    "SpeedMinimum": 50,
    "CountermeasureRate": 0.73
  },
  "Warhead": {
    "ArmTime": 1.4,
    "BlastRadius": 15.0,
    "ImpactDamage": 100,
    "SplashDamage": 60,
    "Force": 1500.0,
    "Fuze": "Impact",
    "SelfDestruct": 17
  },
  "Effects": {
    "Air": "Effects/Explosion/ExplosionGroundSmall",
    "Ground": "Effects/Explosion/ExplosionGroundSmall",
    "Water": "Effects/Explosion/ExplosionGroundSmall"
  }
}