{
  "Name": "M118",
  "DisplayName": "M118",
  "Description": "Low drag 3000lb unguided explosive bomb",
  "StoreType": "Munition",
  "ModelPath": "assets/mod/weapons/bombs/m118/m-118.fbx",
  "DotColors": [ 69, 76, 26 ],
  "Mass": 1369.7,
  "Length": 4.71,
  "Diameter": 0.616,
  "Drag": 0.03,
  
  "Warhead": {
    "ArmTime": 3.0,
    "BlastRadius": 240.0,
    "ImpactDamage": 1600,
    "ImpactPenetration": 1,
    "SplashDamage": 600,
    "Force": 24000.0,
    "Fuze": "Impact",
    "SelfDestruct": 220
  },
  "Effects": {
    "Air": "Effects/Explosion/ExplosionAirLarge",
    "Ground": "Effects/Explosion/ExplosionGroundLarge",
    "Water": "Effects/Explosion/ExplosionWaterLarge",
    "CraterSize": "Huge"
  }
}