{
    "Name": "AIM120Dalt",
    "DisplayName": "AIM-120D",
    "Description": "Long-Range Active Radar guided air to air missile with countermeasure rejection.",
    "StoreType": "Munition",
    "ModelPath": "assets/mod/weapons/missiles/aim120/alt/aim120d.fbx",
    "FireSound": "event:/Weapons/MissileLaunchMedium",
    "DotColors": [ 235, 235, 231 ],
    "Mass": 163.6,
    "Length": 3.7,
    "Diameter": 0.178,
    "Drag": 0.018,
	
  "MotorStages": [
    {
      "Duration": 0.5,
      "Delay": 0.5,
      "Thrust": 0,
      "FXParent": "Motor1",
      "FXName": "Effects/MissileMotors/Small"
    },
    {
      "Duration": 8.5,
      "Delay": 0.5,
      "Thrust": 16.8,
      "FXParent": "Motor1",
      "FXName": "Effects/MissileMotors/SmallSmokeless"
    },
    {
      "Duration": 6.0,
      "Delay": 9.0,
      "Thrust": 8.7,
      "FXParent": "Motor1",
      "FXName": "Effects/MissileMotors/SmallSmokeless"
    }
  ],
  "Guidance": {
    "GuideType": "ActiveRadar",
    "Navigation": "Loft",
    "LoftAngleMax": 20.0,
    "LoftMinTTI": 10.0,
    "LoftMaxTTI": 20.0,
    "MaxG": 42,
    "MaxRange": 170000,
    "EffectiveRange": 170000,
    "SeekerDelay": 0.9,
    "SeekerFOV": 270,
    "MaxTurnRate": 50,
    "SpeedOptimal": 75,
    "SpeedMinimum": 50,
    "CountermeasureRate": 0.36
  },
  "Warhead": {
    "ArmTime": 2,
    "BlastRadius": 30.0,
    "ImpactDamage": 0,
    "SplashDamage": 295,
    "Force": 1500.0,
    "Fuze": "Proximity",
    "ProximityDistance": 12.5,
    "SelfDestruct": 240
  },
  "Effects": {
    "Air": "Effects/Explosion/ExplosionAirMedium",
    "Ground": "Effects/Explosion/ExplosionGroundMedium",
    "Water": "Effects/Explosion/ExplosionWaterMedium"
  }
}