{
  "Name": "AIM9K",
  "DisplayName": "AIM-9K",
  "Description": "IR guided air to air missile", // NOT ACTUALLY THE AIM-9K BUT I RAN OUT OF LETTERS IM SORRY, THE ACTUAL AIM-9K IS THE AIM-9H PIP //
  "StoreType": "Munition",
  "ModelPath": "assets/mod/weapons/missiles/aim9/aim9l/aim9k.fbx",
  "FireSound": "event:/Weapons/MissileLaunchMedium",
  "DotColors": [ 235, 235, 231 ],
  "Mass": 157.4,
  "Length": 2.85,
  "Diameter": 0.127,
  "Drag": 0.04,

  "MotorStages": [
    {
      "Duration": 2.8,
      "Delay": 0.25,
      "Thrust": 35.2,
      "FXParent": "Motor1",
      "FXName": "Effects/MissileMotors/Medium"
    }
  ],
  "Guidance": {
    "GuideType": "Infrared",
    "MaxG": 25,
    "MaxRange": 38000,
    "EffectiveRange": 6350,
    "SeekerDelay": 0.25,
    "SeekerFOV": 45,
    "MaxTurnRate": 19,
    "SpeedOptimal": 75,
    "SpeedMinimum": 50,
    "CountermeasureRate": 0.76
  },
  "Warhead": {
    "ArmTime": 1.25,
    "BlastRadius": 10.0,
    "ImpactDamage": 100,
    "SplashDamage": 200,
    "Force": 1500.0,
    "Fuze": "Proximity",
    "ProximityDistance": 7.5,
    "SelfDestruct": 60
  },
  "Effects": {
    "Air": "Effects/Explosion/ExplosionAirMedium",
    "Ground": "Effects/Explosion/ExplosionGroundMedium",
    "Water": "Effects/Explosion/ExplosionWaterMedium"
  }
}