{
    "Name": "AIM9F",
    "DisplayName": "AIM-9F",
    "Description": "First of its kind, very early performing IR guided AAM. Rear aspect only",
    "StoreType": "Munition",
    "ModelPath": "assets/mod/weapons/missiles/aim9/aim9b/aim9f.fbx",
    "FireSound": "event:/Weapons/MissileLaunchLight",
    "DotColors": [ 235, 235, 231 ],
    "Mass": 72.8,
    "Length": 2.9,
    "Diameter": 0.127,
    "Drag": 0.05,
	
  "MotorStages": [
    {
      "Duration": 2.3,
      "Delay": 0.0,
      "Thrust": 18.0,
      "FXParent": "Motor1",
      "FXName": "Effects/MissileMotors/Small"
    }
  ],
  "Guidance": {
    "GuideType": "Infrared",
    "MaxG": 12,
    "MaxRange": 14000,
    "EffectiveRange": 1060,
    "SeekerDelay": 0.65,
    "SeekerFOV": 10,
    "MaxTurnRate": 17,
    "SpeedOptimal": 75,
    "SpeedMinimum": 50,
    "CountermeasureRate": 0.82
  },
  "Warhead": {
    "ArmTime": 1.0,
    "BlastRadius": 10.0,
    "ImpactDamage": 100,
    "SplashDamage": 150,
    "Force": 1500.0,
    "Fuze": "Proximity",
    "ProximityDistance": 5.0
  },
  "Effects": {
    "Air": "Effects/Explosion/ExplosionAirMedium",
    "Ground": "Effects/Explosion/ExplosionGroundMedium",
    "Water": "Effects/Explosion/ExplosionWaterMedium"
  }
}