{
  "Name": "GBU28",
  "DisplayName": "GBU-28 Paveway III",
  "Description": "Low drag 5000lb laser-guided bunker-buster bomb",
  "StoreType": "Munition",
  "ModelPath": "assets/mod/weapons/bombs/gbu20/gbu-28.fbx",
  "DotColors": [ 69, 76, 26 ],
  "Mass": 2131.9,
  "Length": 5.83,
  "Diameter": 0.406,
  "Drag": 0.01,

  "Guidance": {
    "GuideType": "Visual",
    "Navigation": "Loft",
    "LoftAngleMax": 20,
    "LoftMinTTI": 7.5,
    "LoftMaxTTI": 15.0,
    "Prediction": 0.5,
    "MaxG": 12,
    "MaxRange": 120400,
    "EffectiveRange": 60000,
    "SeekerDelay": 3.0,
    "MaxTurnRate": 25,
    "SpeedOptimal": 200,
    "SpeedMinimum": 100
  },
  "Warhead": {
    "ArmTime": 1.0,
    "BlastRadius": 165.0,
    "ImpactDamage": 8500,
    "ImpactPenetration": 6,
    "SplashDamage": 685,
    "Force": 15000.0,
    "Fuze": "Impact",
    "SelfDestruct": 3600
  },
  "Effects": {
    "Air": "Effects/Explosion/ExplosionAirLarge",
    "Ground": "Effects/Explosion/ExplosionGroundLarge",
    "Water": "Effects/Explosion/ExplosionWaterLarge",
    "CraterSize": "Huge"
  },
  "FinDeploy": {
    "HasAnimation": true,
    "Delay": 0.8,
    "Deployed": "Extended",
    "Retracted": "Retracted"
  }
}