{
  "Name": "R27T",
  "DisplayName": "R-27T",
  "Description": "Highly maneuverable IR guided air to air missile designed for dogfighting",
  "StoreType": "Munition",
  "ModelPath": "assets/mod/weapons/missiles/alamo/r27t.fbx",
  "FireSound": "event:/Weapons/MissileLaunchHeavy",
  "DotColors": [ 101, 118, 87 ],
  "Mass": 246.5,
  "Length": 3.7,
  "Diameter": 0.23,
  "Drag": 0.033,

  "MotorStages": [
    {
      "Duration": 6.5,
      "Delay": 0.35,
      "Thrust": 25.1,
      "FXParent": "Motor1",
      "FXName": "Effects/MissileMotors/Medium"
    }
  ],
  "Guidance": {
    "GuideType": "Infrared",
    "MaxG": 30,
    "MaxRange": 43000,
    "EffectiveRange": 14150,
    "SeekerDelay": 0.85,
    "SeekerFOV": 50,
    "MaxTurnRate": 20,
    "SpeedOptimal": 75,
    "SpeedMinimum": 50,
    "CountermeasureRate": 0.80
  },
  "Warhead": {
    "ArmTime": 2.5,
    "BlastRadius": 15.0,
    "ImpactDamage": 0,
    "SplashDamage": 250,
    "Force": 1500.0,
    "Fuze": "Proximity",
    "ProximityDistance": 8.0,
    "SelfDestruct": 105
  },
  "Effects": {
    "Air": "Effects/Explosion/ExplosionAirMedium",
    "Ground": "Effects/Explosion/ExplosionGroundMedium",
    "Water": "Effects/Explosion/ExplosionWaterMedium"
  }
}
