{
  "Name": "GBU12D_N",
  "DisplayName": "GBU-12D Navy Paveway II",
  "Description": "Low drag 500lb laser-guided explosive bomb",
  "StoreType": "Munition",
  "ModelPath": "assets/mod/weapons/bombs/gbu12/gbu-12d_n.fbx",
  "DotColors": [ 69, 76, 26 ],
  "Mass": 277.1,
  "Length": 3.32,
  "Diameter": 0.280,
  "Drag": 0.02,

  "Guidance": {
    "GuideType": "Command",
    "Navigation": "Loft",
    "LoftAngleMax": 10,
    "LoftMinTTI": 7.5,
    "LoftMaxTTI": 15.0,
    "Prediction": 0.5,
    "MaxG": 10,
    "MaxRange": 120400,
    "EffectiveRange": 11625,
    "SeekerDelay": 1.5,
    "MaxTurnRate": 15,
    "SpeedOptimal": 200,
    "SpeedMinimum": 100
  },
  "Warhead": {
    "ArmTime": 1.0,
    "BlastRadius": 50.0,
    "ImpactDamage": 200,
    "ImpactPenetration": 1,
    "SplashDamage": 100,
    "Force": 6000.0,
    "Fuze": "Impact",
    "SelfDestruct": 3600
  },
  "Effects": {
    "Air": "Effects/Explosion/ExplosionAirSmall",
    "Ground": "Effects/Explosion/ExplosionGroundSmall",
    "Water": "Effects/Explosion/ExplosionWaterSmall",
    "CraterSize": "Medium"
  },
  "FinDeploy": {
    "HasAnimation": true,
    "Delay": 0.33,
    "Deployed": "Extended",
    "Retracted": "Retracted"
  }
}