{
    "Name": "HR_AIM152B",
    "DisplayName": "AIM-152B AAAM (H/R)",
    "Description": "Ramjet powered ultra-long-range AAM with home-on-jam abilities.",
    "StoreType": "Munition",
    "ModelPath": "assets/mod/weapons/missiles/aaam/hr_aim152b.fbx",
    "FireSound": "event:/Weapons/MissileLaunchHeavy",
    "DotColors": [ 235, 235, 231 ],
    "Mass": 241.0,
    "Length": 3.7,
    "Diameter": 0.200,
    "Drag": 0.03,
	
  "MotorStages": [
    {
      "Duration": 2.0,
      "Delay": 0.25,
      "Thrust": 50.0,
      "FXParent": "Motor1",
      "FXName": "Effects/MissileMotors/Medium"
    },
    {
      "Duration": 145.5,
      "Delay": 2.5,
      "Thrust": 8.5,
      "FXParent": "Motor1",
      "FXName": "Effects/MissileMotors/SmallSmokeless"
    }
  ],
  "Guidance": {
    "GuideType": "ActiveRadar",
    "Navigation": "Loft",
    "LoftAngleMax": 25.0,
    "LoftMinTTI": 20.0,
    "LoftMaxTTI": 30.0,
    "MaxG": 22,
    "MaxRange": 420000,
    "EffectiveRange": 510000,
    "SeekerDelay": 1.85,
    "SeekerFOV": 65,
    "MaxTurnRate": 30,
    "SpeedOptimal": 75,
    "SpeedMinimum": 50,
    "CountermeasureRate": 0.25
  },
  "Warhead": {
    "ArmTime": 2.5,
    "BlastRadius": 40.0,
    "ImpactDamage": 0,
    "SplashDamage": 300,
    "Force": 1500.0,
    "Fuze": "Proximity",
    "ProximityDistance": 7.5,
    "SelfDestruct": 260
  },
  "Effects": {
    "Air": "Effects/Explosion/ExplosionAirMedium",
    "Ground": "Effects/Explosion/ExplosionGroundMedium",
    "Water": "Effects/Explosion/ExplosionWaterMedium"
  }
}