{
    "Name": "R24T",
    "DisplayName": "R-24T",
    "Description": "Radar guided air to air missile",
    "StoreType": "Munition",
    "ModelPath": "assets/mod/weapons/missiles/apex/r24t.fbx",
    "FireSound": "event:/Weapons/MissileLaunchMedium",
    "DotColors": [ 235, 235, 235 ],
    "Mass": 237.2,
    "Length": 4.18,
    "Diameter": 0.223,
    "Drag": 0.04,
	
  "MotorStages": [
    {
      "Duration": 6.0,
      "Delay": 0.0,
      "Thrust": 35.0,
      "FXParent": "Motor1",
      "FXName": "Effects/MissileMotors/Medium"
    }
  ],
  "Guidance": {
    "GuideType": "Infrared",
    "MaxG": 25,
    "MaxRange": 25000,
    "EffectiveRange": 9180,
    "SeekerDelay": 1.8,
    "SeekerFOV": 54,
    "MaxTurnRate": 18,
    "SpeedOptimal": 75,
    "SpeedMinimum": 50,
    "CountermeasureRate": 0.72
  },
  "Warhead": {
    "ArmTime": 2.5,
    "BlastRadius": 30.0,
    "ImpactDamage": 0,
    "SplashDamage": 265,
    "Force": 4500.0,
    "Fuze": "Proximity",
    "ProximityDistance": 10,
    "SelfDestruct": 45
  },
  "Effects": {
    "Air": "Effects/Explosion/ExplosionAirMedium",
    "Ground": "Effects/Explosion/ExplosionGroundMedium",
    "Water": "Effects/Explosion/ExplosionWaterMedium"
  }
}