{
    "Name": "R13M",
    "DisplayName": "R-13M Advanced Atoll",
    "Description": "Soviet derivative of reverse-engineered AIM-9G.",
    "StoreType": "Munition",
    "ModelPath": "assets/mod/weapons/missiles/atoll/r13m.fbx",
    "FireSound": "event:/Weapons/MissileLaunchLight",
    "DotColors": [ 235, 235, 231 ],
    "Mass": 93.6,
    "Length": 3.05,
    "Diameter": 0.127,
    "Drag": 0.03,
	
  "MotorStages": [
    {
      "Duration": 4.5,
      "Delay": 0.0,
      "Thrust": 13.3,
      "FXParent": "Motor1",
      "FXName": "Effects/MissileMotors/Small"
    }
  ],
  "Guidance": {
    "GuideType": "Infrared",
    "MaxG": 17,
    "MaxRange": 15000,
    "EffectiveRange": 1925,
    "SeekerDelay": 0.5,
    "SeekerFOV": 28,
    "MaxTurnRate": 13,
    "SpeedOptimal": 75,
    "SpeedMinimum": 50,
    "CountermeasureRate": 0.94
  },
  "Warhead": {
    "ArmTime": 1.0,
    "BlastRadius": 13.0,
    "ImpactDamage": 100,
    "SplashDamage": 150,
    "Force": 1500.0,
    "Fuze": "Proximity",
    "ProximityDistance": 5.0,
    "SelfDestruct": 54
  },
  "Effects": {
    "Air": "Effects/Explosion/ExplosionAirMedium",
    "Ground": "Effects/Explosion/ExplosionGroundMedium",
    "Water": "Effects/Explosion/ExplosionWaterMedium"
  }
}