{
    "Name": "GDW_AIM152B",
    "DisplayName": "AIM-152B AAAM (GD/W)",
    "Description": "Twin-stage long-range AAM with thrust-vectoring and an IIR seeker.",
    "StoreType": "Munition",
    "ModelPath": "assets/mod/weapons/missiles/aaam/gdw_aim152b.fbx",
    "FireSound": "event:/Weapons/MissileLaunchMedium",
    "DotColors": [ 235, 235, 231 ],
    "Mass": 177.2,
    "Length": 3.82,
    "Diameter": 0.280,
    "Drag": 0.04,
	
  "MotorStages": [
    {
      "Duration": 0.2,
      "Delay": 0.0,
      "Thrust": 140.0,
      "FXParent": "Motor2",
      "FXName": "Effects/MissileMotors/Large"
    },
    {
      "Duration": 5.0,
      "Delay": 0.25,
      "Thrust": 34.6,
      "Discard": "Booster",
      "FXParent": "Motor2",
      "FXName": "Effects/MissileMotors/MediumSmokeless"
    },
    {
      "Duration": 5,
      "Delay": 5.25,
      "Thrust": 18.5,
      "FXParent": "Motor1",
      "FXName": "Effects/MissileMotors/SmallSmokeless"
    },
    {
      "Duration": 12.4,
      "Delay": 10.25,
      "Thrust": 9.5,
      "FXParent": "Motor1",
      "FXName": "Effects/MissileMotors/SmallSmokeless"
    }
  ],
  "Guidance": {
    "GuideType": "Infrared",
    "Navigation": "Loft",
    "LoftAngleMax": 20.0,
    "LoftMinTTI": 5.0,
    "LoftMaxTTI": 15.0,
    "MaxG": 40,
    "MaxRange": 175000,
    "EffectiveRange": 32000,
    "SeekerDelay": 1.4,
    "SeekerFOV": 90,
    "MaxTurnRate": 150,
    "SpeedOptimal": 75,
    "SpeedMinimum": 50,
    "CountermeasureRate": 0.45
  },
  "Warhead": {
    "ArmTime": 2,
    "BlastRadius": 40.0,
    "ImpactDamage": 140,
    "SplashDamage": 375,
    "Force": 1500.0,
    "Fuze": "Proximity",
    "ProximityDistance": 16.0,
    "SelfDestruct": 300
  },
  "Effects": {
    "Air": "Effects/Explosion/ExplosionAirMedium",
    "Ground": "Effects/Explosion/ExplosionGroundMedium",
    "Water": "Effects/Explosion/ExplosionWaterMedium"
  }
}