{
  "Name": "R33A",
  "DisplayName": "R-33A",
  "Description": "Very long-range SARH telephone pole",
  "StoreType": "Munition",
  "ModelPath": "assets/mod/weapons/missiles/axehead/r33a.fbx",
  "FireSound": "event:/Weapons/MissileLaunchHeavy",
  "DotColors": [ 101, 118, 87 ],
  "Mass": 491.2,
  "Length": 4.06,
  "Diameter": 0.380,
  "Drag": 0.07,

  "MotorStages": [
    {
      "Duration": 4.0,
      "Delay": 0.45,
      "Thrust": 44.2,
      "FXParent": "Motor1",
      "FXName": "Effects/MissileMotors/Large"
    },
    {
      "Duration": 15.5,
      "Delay": 3.75,
      "Thrust": 18.7,
      "FXParent": "Motor1",
      "FXName": "Effects/MissileMotors/Medium"
    }
  ],
  "Guidance": {
    "GuideType": "SemiActiveRadar",
    "Navigation": "Loft",
    "LoftAngleMax": 1.0,
    "LoftMinTTI": 5.0,
    "LoftMaxTTI": 10.0,
    "MaxG": 16,
    "MaxRange": 120000,
    "EffectiveRange": 73750,
    "SeekerDelay": 1.60,
    "SeekerFOV": 55,
    "MaxTurnRate": 24,
    "SpeedOptimal": 75,
    "SpeedMinimum": 50,
    "CountermeasureRate": 0.85
  },
  "Warhead": {
    "ArmTime": 2.5,
    "BlastRadius": 60.0,
    "ImpactDamage": 0,
    "SplashDamage": 435,
    "Force": 4500.0,
    "Fuze": "Proximity",
    "ProximityDistance": 20.0,
    "SelfDestruct": 200
  },
  "Effects": {
    "Air": "Effects/Explosion/ExplosionAirLarge",
    "Ground": "Effects/Explosion/ExplosionGroundLarge",
    "Water": "Effects/Explosion/ExplosionWaterMedium"
  },
  "FinDeploy": {
    "HasAnimation": true,
    "Delay": 0.33,
    "Deployed": "Extended",
    "Retracted": "Retracted"
  }
}
