{
  "Name": "R37M",
  "DisplayName": "R-37M",
  "Description": "Reduced-smoke motor, better ECM, marginally improved maneuverability, and even further improved range. Ultimate telephone pole.",
  "StoreType": "Munition",
  "ModelPath": "assets/mod/weapons/missiles/axehead/r37m.fbx",
  "FireSound": "event:/Weapons/MissileLaunchHeavy",
  "DotColors": [ 101, 118, 87 ],
  "Mass": 518.5,
  "Length": 4.06,
  "Diameter": 0.380,
  "Drag": 0.065,

  "MotorStages": [
    {
      "Duration": 2.0,
      "Delay": 0.45,
      "Thrust": 115.5,
      "FXParent": "Motor1",
      "FXName": "Effects/MissileMotors/Large"
    },
    {
      "Duration": 31.5,
      "Delay": 2.25,
      "Thrust": 22.4,
      "FXParent": "Motor1",
      "FXName": "Effects/MissileMotors/MediumSmokeless"
    }
  ],
  "Guidance": {
    "GuideType": "ActiveRadar",
    "Navigation": "Loft",
    "LoftAngleMax": 18.0,
    "LoftMinTTI": 5.0,
    "LoftMaxTTI": 10.0,
    "MaxG": 18,
    "MaxRange": 475000,
    "EffectiveRange": 171500,
    "SeekerDelay": 2.10,
    "SeekerFOV": 55,
    "MaxTurnRate": 20,
    "SpeedOptimal": 75,
    "SpeedMinimum": 50,
    "CountermeasureRate": 0.65
  },
  "Warhead": {
    "ArmTime": 2.5,
    "BlastRadius": 30.0,
    "ImpactDamage": 0,
    "SplashDamage": 240,
    "Force": 4500.0,
    "Fuze": "Proximity",
    "ProximityDistance": 20.0,
    "SelfDestruct": 400
  },
  "Effects": {
    "Air": "Effects/Explosion/ExplosionAirLarge",
    "Ground": "Effects/Explosion/ExplosionGroundLarge",
    "Water": "Effects/Explosion/ExplosionWaterMedium"
  },
  "FinDeploy": {
    "HasAnimation": true,
    "Delay": 0.33,
    "Deployed": "Extended",
    "Retracted": "Retracted"
  }
}
