{
  "Name": "Mk82",
  "DisplayName": "Mk82",
  "Description": "Low drag 500lb unguided explosive bomb",
  "StoreType": "Munition",
  "ModelPath": "assets/mod/weapons/bombs/mk/mk82.fbx",
  "DotColors": [ 69, 76, 26 ],
  "Mass": 227.0,
  "Length": 2.25,
  "Diameter": 0.275,
  "Drag": 0.02,

  "Warhead": {
    "ArmTime": 1.0,
    "BlastRadius": 50.0,
    "ImpactDamage": 200,
    "ImpactPenetration": 1,
    "SplashDamage": 100,
    "Force": 6000.0,
    "Fuze": "Impact"
  },
  "Effects": {
    "Air": "Effects/Explosion/ExplosionAirSmall",
    "Ground": "Effects/Explosion/ExplosionGroundSmall",
    "Water": "Effects/Explosion/ExplosionWaterSmall",
    "CraterSize": "Medium"
  }
}