{
    "Name": "AAM3B",
    "DisplayName": "AAM-3 Kai",
    "Description": "IR guided air to air missile",
    "StoreType": "Munition",
    "ModelPath": "assets/mod/weapons/missiles/jasdf/aam3b.fbx",
    "FireSound": "event:/Weapons/MissileLaunchLight",
    "DotColors": [ 235, 235, 231 ],
    "Mass": 91.2,
    "Length": 3.019,
    "Diameter": 0.127,
    "Drag": 0.04,

  "MotorStages": [
    {
      "Duration": 4.0,
      "Delay": 0.0,
      "Thrust": 17.1,
      "FXParent": "Motor1",
      "FXName": "Effects/MissileMotors/SmallSmokeless"
    },
    {
      "Duration": 1.0,
      "Delay": 0.0,
      "Thrust": 0.3,
      "FXParent": "Motor1",
      "FXName": "Effects/MissileMotors/Small"
    }
  ],
  "Guidance": {
    "GuideType": "Infrared",
    "MaxG": 45,
    "MaxRange": 20000,
    "EffectiveRange": 8645,
    "SeekerDelay": 0.35,
    "SeekerFOV": 73,
    "MaxTurnRate": 65,
    "SpeedOptimal": 75,
    "SpeedMinimum": 50,
    "CountermeasureRate": 0.34
  },
  "Warhead": {
    "ArmTime": 1.65,
    "BlastRadius": 20.0,
    "ImpactDamage": 100,
    "SplashDamage": 230,
    "Force": 1500.0,
    "Fuze": "Proximity",
    "ProximityDistance": 9.7,
    "SelfDestruct": 65
  },
  "Effects": {
    "Air": "Effects/Explosion/ExplosionAirMedium",
    "Ground": "Effects/Explosion/ExplosionGroundMedium",
    "Water": "Effects/Explosion/ExplosionWaterMedium"
  }
}