{
  "Name": "EGBU15V22",
  "DisplayName": "EGBU-15V22",
  "Description": "Low drag 2000lb electro-optically guided explosive bomb",
  "StoreType": "Munition",
  "ModelPath": "assets/mod/weapons/bombs/gbu15/gbu-15v32.fbx",
  "DotColors": [ 69, 76, 26 ],
  "Mass": 1075.1,
  "Length": 3.91,
  "Diameter": 0.457,
  "Drag": 0.03,

  "Guidance": {
    "GuideType": "Command",
    "Navigation": "Loft",
    "LoftAngleMax": 20,
    "LoftMinTTI": 7.5,
    "LoftMaxTTI": 15.0,
    "Prediction": 0.8,
    "MaxG": 15,
    "MaxRange": 145000.0,
    "EffectiveRange": 165000,
    "SeekerDelay": 1.5,
    "SeekerFOV": 60,
    "MaxTurnRate": 14,
    "SpeedOptimal": 200,
    "SpeedMinimum": 100
  },
  "Warhead": {
    "ArmTime": 1.0,
    "BlastRadius": 150.0,
    "ImpactDamage": 800,
    "ImpactPenetration": 1,
    "SplashDamage": 300,
    "Force": 12000.0,
    "Fuze": "Impact",
    "SelfDestruct": 600
  },
  "Effects": {
    "Air": "Effects/Explosion/ExplosionAirLarge",
    "Ground": "Effects/Explosion/ExplosionGroundLarge",
    "Water": "Effects/Explosion/ExplosionWaterMedium",
    "CraterSize": "Huge"
  }
}