{
  "Name": "R27EA",
  "DisplayName": "R-27EA",
  "Description": "Actually decent ARH for the russians",
  "StoreType": "Munition",
  "ModelPath": "assets/mod/weapons/missiles/alamo/r27ea.fbx",
  "FireSound": "event:/Weapons/MissileLaunchHeavy",
  "DotColors": [ 101, 118, 87 ],
  "Mass": 348.7,
  "Length": 4.78,
  "Diameter": 0.26,
  "Drag": 0.04,

  "MotorStages": [
    {
      "Duration": 2.5,
      "Delay": 0.35,
      "Thrust": 56.5,
      "FXParent": "Motor1",
      "FXName": "Effects/MissileMotors/Large"
    },
    {
      "Duration": 5.5,
      "Delay": 2.35,
      "Thrust": 34.4,
      "FXParent": "Motor1",
      "FXName": "Effects/MissileMotors/Medium"
    }
  ],
  "Guidance": {
    "GuideType": "ActiveRadar",
    "Navigation": "Loft",
    "LoftAngleMax": 20.0,
    "LoftMinTTI": 10.0,
    "LoftMaxTTI": 15.0,
    "MaxG": 21,
    "MaxRange": 135250,
    "EffectiveRange": 95750,
    "SeekerDelay": 1.85,
    "SeekerFOV": 60,
    "MaxTurnRate": 35,
    "SpeedOptimal": 75,
    "SpeedMinimum": 50,
    "CountermeasureRate": 0.75
  },
  "Warhead": {
    "ArmTime": 2.5,
    "BlastRadius": 15.0,
    "ImpactDamage": 0,
    "SplashDamage": 250,
    "Force": 1500.0,
    "Fuze": "Proximity",
    "ProximityDistance": 8.0,
    "SelfDestruct": 105
  },
  "Effects": {
    "Air": "Effects/Explosion/ExplosionAirMedium",
    "Ground": "Effects/Explosion/ExplosionGroundMedium",
    "Water": "Effects/Explosion/ExplosionWaterMedium"
  }
}
