{
    "Name": "R77",
    "DisplayName": "R-77",
    "Description": "Radar guided air to air missile",
    "StoreType": "Munition",
    "ModelPath": "assets/mod/weapons/missiles/adder/r77-1.fbx",
    "FireSound": "event:/Weapons/MissileLaunchMedium",
    "DotColors": [ 235, 235, 235 ],
    "Mass": 193.1,
    "Length": 3.71,
    "Diameter": 0.201,
    "Drag": 0.035,
	
  "MotorStages": [
    {
      "Duration": 5.1,
      "Delay": 0.35,
      "Thrust": 26.9,
      "FXParent": "Motor1",
      "FXName": "Effects/MissileMotors/Medium"
    }
  ],
  "Guidance": {
    "GuideType": "ActiveRadar",
    "Navigation": "Loft",
    "LoftAngleMax": 12.0,
    "LoftMinTTI": 7.5,
    "LoftMaxTTI": 12.5,
    "MaxG": 45,
    "MaxRange": 85000,
    "EffectiveRange": 67325,
    "SeekerDelay": 1.35,
    "SeekerFOV": 50,
    "MaxTurnRate": 30,
    "SpeedOptimal": 75,
    "SpeedMinimum": 50,
    "CountermeasureRate": 0.75
  },
  "Warhead": {
    "ArmTime": 2.5,
    "BlastRadius": 15.0,
    "ImpactDamage": 0,
    "SplashDamage": 215,
    "Force": 4500.0,
    "Fuze": "Proximity",
    "ProximityDistance": 10,
    "SelfDestruct": 90
  },
  "Effects": {
    "Air": "Effects/Explosion/ExplosionAirMedium",
    "Ground": "Effects/Explosion/ExplosionGroundMedium",
    "Water": "Effects/Explosion/ExplosionWaterMedium"
  }
}