{
    "Name": "PL10A",
    "DisplayName": "PL-10A",
    "Description": "Advanced IR guided air to air missile with a two way datalink and extreme range for a SRM.",
    "StoreType": "Munition",
    "ModelPath": "assets/mod/weapons/missiles/pili/pl10a.fbx",
    "FireSound": "event:/Weapons/MissileLaunchMedium",
    "DotColors": [ 235, 235, 231 ],
    "Mass": 113.7,
    "Length": 2.96,
    "Diameter": 0.160,
    "Drag": 0.04,
	
  "MotorStages": [
    {
      "Duration": 0.8,
      "Delay": 0.0,
      "Thrust": 0.5,
      "FXParent": "Motor1",
      "FXName": "Effects/MissileMotors/Small"
    },
    {
      "Duration": 6.5,
      "Delay": 0.0,
      "Thrust": 14.0,
      "FXParent": "Motor1",
      "FXName": "Effects/MissileMotors/SmallSmokeless"
    }
  ],
  "Guidance": {
    "GuideType": "Infrared",
    "Navigation": "Loft",
    "LoftAngleMax": 10.0,
    "LoftMinTTI": 5.0,
    "LoftMaxTTI": 10.0,
    "MaxG": 60,
    "MaxRange": 45000,
    "EffectiveRange": 17500,
    "SeekerDelay": 0.5,
    "SeekerFOV": 90,
    "MaxTurnRate": 50,
    "SpeedOptimal": 75,
    "SpeedMinimum": 50,
    "CountermeasureRate": 0.46
  },
  "Warhead": {
    "ArmTime": 0.9,
    "BlastRadius": 25.0,
    "ImpactDamage": 100,
    "SplashDamage": 240,
    "Force": 1500.0,
    "Fuze": "Proximity",
    "ProximityDistance": 11,
    "SelfDestruct": 60
  },
  "Effects": {
    "Air": "Effects/Explosion/ExplosionAirMedium",
    "Ground": "Effects/Explosion/ExplosionGroundMedium",
    "Water": "Effects/Explosion/ExplosionWaterMedium"
  }
}