{
    "Name": "PL11B",
    "DisplayName": "PL-11B",
    "Description": "PL11A with an ARH seeker and lofting trajectory.",
    "StoreType": "Munition",
    "ModelPath": "assets/mod/weapons/missiles/pili/pl11b.fbx",
    "FireSound": "event:/Weapons/MissileLaunchMedium",
    "DotColors": [ 235, 235, 231 ],
    "Mass": 210.4,
    "Length": 3.7,
    "Diameter": 0.200,
    "Drag": 0.03,
	
  "MotorStages": [
    {
      "Duration": 6.0,
      "Delay": 0.25,
      "Thrust": 33.6,
      "FXParent": "Motor1",
      "FXName": "Effects/MissileMotors/Large"
    },
    {
      "Duration": 5.0,
      "Delay": 6.25,
      "Thrust": 7.3,
      "FXParent": "Motor1",
      "FXName": "Effects/MissileMotors/Medium"
    }
  ],
  "Guidance": {
    "GuideType": "ActiveRadar",
    "Navigation": "Loft",
    "LoftAngleMax": 6.0,
    "LoftMinTTI": 20.0,
    "LoftMaxTTI": 30.0,
    "MaxG": 25,
    "MaxRange": 75000,
    "EffectiveRange": 55000,
    "SeekerDelay": 0.70,
    "SeekerFOV": 45,
    "MaxTurnRate": 16,
    "SpeedOptimal": 75,
    "SpeedMinimum": 50,
    "CountermeasureRate": 0.9
  },
  "Warhead": {
    "ArmTime": 2.5,
    "BlastRadius": 30.0,
    "ImpactDamage": 0,
    "SplashDamage": 220,
    "Force": 1500.0,
    "Fuze": "Proximity",
    "ProximityDistance": 8.0,
    "SelfDestruct": 105
  },
  "Effects": {
    "Air": "Effects/Explosion/ExplosionAirMedium",
    "Ground": "Effects/Explosion/ExplosionGroundMedium",
    "Water": "Effects/Explosion/ExplosionWaterMedium"
  }
}