{
    "Name": "PL15A",
    "DisplayName": "PL-15A",
    "Description": "Long Range Active-Radar guided air to air missile with countermeasure rejection.",
    "StoreType": "Munition",
    "ModelPath": "assets/mod/weapons/missiles/pili/pl15a.fbx",
    "FireSound": "event:/Weapons/MissileLaunchHeavy",
    "DotColors": [ 235, 235, 231 ],
    "Mass": 275.0,
    "Length": 4.2,
    "Diameter": 0.203,
    "Drag": 0.03,
	
  "MotorStages": [
    {
      "Duration": 6.0,
      "Delay": 0.5,
      "Thrust": 41.5,
      "FXParent": "Motor1",
      "FXName": "Effects/MissileMotors/Large"
    },
    {
      "Duration": 8.0,
      "Delay": 6.5,
      "Thrust": 8.5,
      "FXParent": "Motor1",
      "FXName": "Effects/MissileMotors/SmallSmokeless"
    }
  ],
  "Guidance": {
    "GuideType": "ActiveRadar",
    "Navigation": "Loft",
    "LoftAngleMax": 30.0,
    "LoftMinTTI": 10.0,
    "LoftMaxTTI": 15.0,
    "MaxG": 25,
    "MaxRange": 230000,
    "EffectiveRange": 145000,
    "SeekerDelay": 0.95,
    "SeekerFOV": 57,
    "MaxTurnRate": 25,
    "SpeedOptimal": 75,
    "SpeedMinimum": 50,
    "CountermeasureRate": 0.45
  },
  "Warhead": {
    "ArmTime": 2,
    "BlastRadius": 17.0,
    "ImpactDamage": 0,
    "SplashDamage": 250,
    "Force": 1500.0,
    "Fuze": "Proximity",
    "ProximityDistance": 11.0,
    "SelfDestruct": 195
  },
  "Effects": {
    "Air": "Effects/Explosion/ExplosionAirMedium",
    "Ground": "Effects/Explosion/ExplosionGroundMedium",
    "Water": "Effects/Explosion/ExplosionWaterMedium"
  }
}