{
    "Name": "PL4A",
    "DisplayName": "PL-4A",
    "Description": "AIM-7D reproduction from scavenged recovered fuselage.",
    "StoreType": "Munition",
    "ModelPath": "assets/mod/weapons/missiles/pili/pl4a.fbx",
    "FireSound": "event:/Weapons/MissileLaunchMedium",
    "DotColors": [ 235, 235, 231 ],
    "Mass": 179.4,
    "Length": 3.6,
    "Diameter": 0.200,
    "Drag": 0.03,
	
  "MotorStages": [
    {
      "Duration": 2.6,
      "Delay": 0.25,
      "Thrust": 34.3,
      "FXParent": "Motor1",
      "FXName": "Effects/MissileMotors/Large"
    }
  ],
  "Guidance": {
    "GuideType": "SemiActiveRadar",
    "MaxG": 14,
    "MaxRange": 35000,
    "EffectiveRange": 13000,
    "SeekerDelay": 1.80,
    "SeekerFOV": 45,
    "MaxTurnRate": 15,
    "SpeedOptimal": 75,
    "SpeedMinimum": 50,
    "CountermeasureRate": 1.25
  },
  "Warhead": {
    "ArmTime": 2.5,
    "BlastRadius": 30.0,
    "ImpactDamage": 0,
    "SplashDamage": 200,
    "Force": 1500.0,
    "Fuze": "Proximity",
    "ProximityDistance": 8.0,
    "SelfDestruct": 60
  },
  "Effects": {
    "Air": "Effects/Explosion/ExplosionAirMedium",
    "Ground": "Effects/Explosion/ExplosionGroundMedium",
    "Water": "Effects/Explosion/ExplosionWaterMedium"
  }
}