{
    "Name": "PL5C",
    "DisplayName": "PL-5C",
    "Description": "Chinese equivalent of between AIM-9H and AIM-9L.",
    "StoreType": "Munition",
    "ModelPath": "assets/mod/weapons/missiles/pili/pl5c.fbx",
    "FireSound": "event:/Weapons/MissileLaunchLight",
    "DotColors": [ 235, 235, 231 ],
    "Mass": 83.3,
    "Length": 3.05,
    "Diameter": 0.127,
    "Drag": 0.03,
	
  "MotorStages": [
    {
      "Duration": 4.5,
      "Delay": 0.0,
      "Thrust": 12.0,
      "FXParent": "Motor1",
      "FXName": "Effects/MissileMotors/Small"
    }
  ],
  "Guidance": {
    "GuideType": "Infrared",
    "MaxG": 30,
    "MaxRange": 18000,
    "EffectiveRange": 2825,
    "SeekerDelay": 0.5,
    "SeekerFOV": 40,
    "MaxTurnRate": 20,
    "SpeedOptimal": 75,
    "SpeedMinimum": 50,
    "CountermeasureRate": 0.82
  },
  "Warhead": {
    "ArmTime": 1.0,
    "BlastRadius": 13.0,
    "ImpactDamage": 100,
    "SplashDamage": 150,
    "Force": 1500.0,
    "Fuze": "Proximity",
    "ProximityDistance": 9.0,
    "SelfDestruct": 54
  },
  "Effects": {
    "Air": "Effects/Explosion/ExplosionAirMedium",
    "Ground": "Effects/Explosion/ExplosionGroundMedium",
    "Water": "Effects/Explosion/ExplosionWaterMedium"
  }
}