{
    "Name": "PL7",
    "DisplayName": "PL-7",
    "Description": "Somewhat crude clone of R.550 Magic 2, has inferior performance across the board.",
    "StoreType": "Munition",
    "ModelPath": "assets/mod/weapons/missiles/matra/r550.fbx",
    "FireSound": "event:/Weapons/MissileLaunchLight",
    "DotColors": [ 235, 235, 231 ],
    "Mass": 92.3,
    "Length": 2.75,
    "Diameter": 0.127,
    "Drag": 0.04,
	
  "MotorStages": [
    {
      "Duration": 4.5,
      "Delay": 0.0,
      "Thrust": 11.5,
      "FXParent": "Motor1",
      "FXName": "Effects/MissileMotors/SmallSmokeless"
    },
    {
      "Duration": 1.0,
      "Delay": 0.0,
      "Thrust": 0.1,
      "FXParent": "Motor1",
      "FXName": "Effects/MissileMotors/Small"
    }
  ],
  "Guidance": {
    "GuideType": "Infrared",
    "MaxG": 33,
    "MaxRange": 16000,
    "EffectiveRange": 3050,
    "SeekerDelay": 0.5,
    "SeekerFOV": 28,
    "MaxTurnRate": 20,
    "SpeedOptimal": 75,
    "SpeedMinimum": 50,
    "CountermeasureRate": 0.79
  },
  "Warhead": {
    "ArmTime": 1.8,
    "BlastRadius": 15.0,
    "ImpactDamage": 0,
    "SplashDamage": 230,
    "Force": 1500.0,
    "Fuze": "Proximity",
    "ProximityDistance": 8.0,
    "SelfDestruct": 25
  },
  "Effects": {
    "Air": "Effects/Explosion/ExplosionAirMedium",
    "Ground": "Effects/Explosion/ExplosionGroundMedium",
    "Water": "Effects/Explosion/ExplosionWaterMedium"
  }
}