{
    "Name": "PL9C",
    "DisplayName": "PL-9C",
    "Description": "Improved motor and IRCCM.",
    "StoreType": "Munition",
    "ModelPath": "assets/mod/weapons/missiles/pili/pl9c.fbx",
    "FireSound": "event:/Weapons/MissileLaunchMedium",
    "DotColors": [ 235, 235, 231 ],
    "Mass": 124.3,
    "Length": 2.92,
    "Diameter": 0.160,
    "Drag": 0.045,
	
  "MotorStages": [
    {
      "Duration": 1.25,
      "Delay": 0.0,
      "Thrust": 43.5,
      "FXParent": "Motor1",
      "FXName": "Effects/MissileMotors/Large"
    },
    {
      "Duration": 4.25,
      "Delay": 1.10,
      "Thrust": 11.2,
      "FXParent": "Motor1",
      "FXName": "Effects/MissileMotors/SmallSmokeless"
    }
  ],
  "Guidance": {
    "GuideType": "Infrared",
    "MaxG": 40,
    "MaxRange": 16500,
    "EffectiveRange": 8450,
    "SeekerDelay": 0.36,
    "SeekerFOV": 40,
    "MaxTurnRate": 47,
    "SpeedOptimal": 75,
    "SpeedMinimum": 50,
    "CountermeasureRate": 0.53
  },
  "Warhead": {
    "ArmTime": 1.0,
    "BlastRadius": 13.0,
    "ImpactDamage": 100,
    "SplashDamage": 220,
    "Force": 1500.0,
    "Fuze": "Proximity",
    "ProximityDistance": 8.0,
    "SelfDestruct": 60
  },
  "Effects": {
    "Air": "Effects/Explosion/ExplosionAirMedium",
    "Ground": "Effects/Explosion/ExplosionGroundMedium",
    "Water": "Effects/Explosion/ExplosionWaterMedium"
  }
}