{
    "Name": "PLASR",
    "DisplayName": "PL-ASR (PL-10)",
    "Description": "Advanced IR guided air to air missile with CM Resistance and off-boresight abilities.",
    "StoreType": "Munition",
    "ModelPath": "assets/mod/weapons/missiles/pili/plasr.fbx",
    "FireSound": "event:/Weapons/MissileLaunchMedium",
    "DotColors": [ 235, 235, 231 ],
    "Mass": 112.2,
    "Length": 2.96,
    "Diameter": 0.160,
    "Drag": 0.05,
	
  "MotorStages": [
    {
      "Duration": 0.8,
      "Delay": 0.0,
      "Thrust": 0.5,
      "FXParent": "Motor1",
      "FXName": "Effects/MissileMotors/Medium"
    },
    {
      "Duration": 5.25,
      "Delay": 0.0,
      "Thrust": 16.2,
      "FXParent": "Motor1",
      "FXName": "Effects/MissileMotors/SmallSmokeless"
    }
  ],
  "Guidance": {
    "GuideType": "Infrared",
    "MaxG": 55,
    "MaxRange": 30000,
    "EffectiveRange": 15125,
    "SeekerDelay": 0.5,
    "SeekerFOV": 90,
    "MaxTurnRate": 45,
    "SpeedOptimal": 75,
    "SpeedMinimum": 50,
    "CountermeasureRate": 0.51
  },
  "Warhead": {
    "ArmTime": 0.9,
    "BlastRadius": 25.0,
    "ImpactDamage": 100,
    "SplashDamage": 240,
    "Force": 1500.0,
    "Fuze": "Proximity",
    "ProximityDistance": 11,
    "SelfDestruct": 60
  },
  "Effects": {
    "Air": "Effects/Explosion/ExplosionAirMedium",
    "Ground": "Effects/Explosion/ExplosionGroundMedium",
    "Water": "Effects/Explosion/ExplosionWaterMedium"
  }
}