{
  "Name": "GBU16B_N",
  "DisplayName": "GBU-16B Navy Paveway II",
  "Description": "Low drag 1000lb laser-guided explosive bomb",
  "StoreType": "Munition",
  "ModelPath": "assets/mod/weapons/bombs/gbu16/gbu-16b_n.fbx",
  "DotColors": [ 69, 76, 26 ],
  "Mass": 495.3,
  "Length": 3.68,
  "Diameter": 0.356,
  "Drag": 0.02,

  "Guidance": {
    "GuideType": "Command",
    "Navigation": "Loft",
    "LoftAngleMax": 10,
    "LoftMinTTI": 7.5,
    "LoftMaxTTI": 15.0,
    "Prediction": 0.5,
    "MaxG": 10,
    "MaxRange": 120400,
    "EffectiveRange": 12625,
    "SeekerDelay": 1.5,
    "MaxTurnRate": 15,
    "SpeedOptimal": 200,
    "SpeedMinimum": 100
  },
  "Warhead": {
    "ArmTime": 1.0,
    "BlastRadius": 100.0,
    "ImpactDamage": 400,
    "ImpactPenetration": 1,
    "SplashDamage": 200,
    "Force": 8000.0,
    "Fuze": "Impact",
    "SelfDestruct": 3600
  },
  "Effects": {
    "Air": "Effects/Explosion/ExplosionAirMedium",
    "Ground": "Effects/Explosion/ExplosionGroundMedium",
    "Water": "Effects/Explosion/ExplosionWaterMedium",
    "CraterSize": "Large"
  },
  "FinDeploy": {
    "HasAnimation": true,
    "Delay": 0.33,
    "Deployed": "Extended",
    "Retracted": "Retracted"
  }
}