{
    "Name": "PL11A",
    "DisplayName": "PL-11A",
    "Description": "PL11 with improvements all across the board, including a dual-pulse motor.",
    "StoreType": "Munition",
    "ModelPath": "assets/mod/weapons/missiles/pili/pl11a.fbx",
    "FireSound": "event:/Weapons/MissileLaunchMedium",
    "DotColors": [ 235, 235, 231 ],
    "Mass": 210.4,
    "Length": 3.7,
    "Diameter": 0.200,
    "Drag": 0.03,
	
  "MotorStages": [
    {
      "Duration": 3.5,
      "Delay": 0.25,
      "Thrust": 55.5,
      "FXParent": "Motor1",
      "FXName": "Effects/MissileMotors/Large"
    }
  ],
  "Guidance": {
    "GuideType": "SemiActiveRadar",
    "MaxG": 25,
    "MaxRange": 60000,
    "EffectiveRange": 42000,
    "SeekerDelay": 0.70,
    "SeekerFOV": 45,
    "MaxTurnRate": 16,
    "SpeedOptimal": 75,
    "SpeedMinimum": 50,
    "CountermeasureRate": 0.9
  },
  "Warhead": {
    "ArmTime": 2.5,
    "BlastRadius": 30.0,
    "ImpactDamage": 0,
    "SplashDamage": 220,
    "Force": 1500.0,
    "Fuze": "Proximity",
    "ProximityDistance": 8.0,
    "SelfDestruct": 105
  },
  "Effects": {
    "Air": "Effects/Explosion/ExplosionAirMedium",
    "Ground": "Effects/Explosion/ExplosionGroundMedium",
    "Water": "Effects/Explosion/ExplosionWaterMedium"
  }
}