{
    "Name": "PL11",
    "DisplayName": "PL-11",
    "Description": "Half license built, half reverse engineered Selenia Aspide 1 missile, which in itself is a modification of an AIM-7E2.",
    "StoreType": "Munition",
    "ModelPath": "assets/mod/weapons/missiles/pili/pl11.fbx",
    "FireSound": "event:/Weapons/MissileLaunchMedium",
    "DotColors": [ 235, 235, 231 ],
    "Mass": 203.7,
    "Length": 3.7,
    "Diameter": 0.200,
    "Drag": 0.03,
	
  "MotorStages": [
    {
      "Duration": 3.5,
      "Delay": 0.25,
      "Thrust": 48.5,
      "FXParent": "Motor1",
      "FXName": "Effects/MissileMotors/Large"
    }
  ],
  "Guidance": {
    "GuideType": "SemiActiveRadar",
    "MaxG": 25,
    "MaxRange": 50000,
    "EffectiveRange": 36000,
    "SeekerDelay": 0.70,
    "SeekerFOV": 45,
    "MaxTurnRate": 16,
    "SpeedOptimal": 75,
    "SpeedMinimum": 50,
    "CountermeasureRate": 0.9
  },
  "Warhead": {
    "ArmTime": 2.5,
    "BlastRadius": 30.0,
    "ImpactDamage": 0,
    "SplashDamage": 200,
    "Force": 1500.0,
    "Fuze": "Proximity",
    "ProximityDistance": 7.5,
    "SelfDestruct": 105
  },
  "Effects": {
    "Air": "Effects/Explosion/ExplosionAirMedium",
    "Ground": "Effects/Explosion/ExplosionGroundMedium",
    "Water": "Effects/Explosion/ExplosionWaterMedium"
  }
}