{
    "Name": "PL12B",
    "DisplayName": "PL-12B",
    "Description": "Medium-Long Range Active-Radar guided air to air missile with countermeasure rejection.",
    "StoreType": "Munition",
    "ModelPath": "assets/mod/weapons/missiles/pili/pl12b.fbx",
    "FireSound": "event:/Weapons/MissileLaunchMedium",
    "DotColors": [ 235, 235, 231 ],
    "Mass": 215.0,
    "Length": 3.7,
    "Diameter": 0.203,
    "Drag": 0.03,
	
  "MotorStages": [
    {
      "Duration": 6.0,
      "Delay": 0.5,
      "Thrust": 31.5,
      "FXParent": "Motor1",
      "FXName": "Effects/MissileMotors/Medium"
    },
    {
      "Duration": 6.0,
      "Delay": 6.5,
      "Thrust": 8.10,
      "FXParent": "Motor1",
      "FXName": "Effects/MissileMotors/Small"
    }
  ],
  "Guidance": {
    "GuideType": "ActiveRadar",
    "Navigation": "Loft",
    "LoftAngleMax": 23.0,
    "LoftMinTTI": 10.0,
    "LoftMaxTTI": 15.0,
    "MaxG": 38,
    "MaxRange": 115000,
    "EffectiveRange": 90000,
    "SeekerDelay": 0.95,
    "SeekerFOV": 57,
    "MaxTurnRate": 35,
    "SpeedOptimal": 75,
    "SpeedMinimum": 50,
    "CountermeasureRate": 0.51
  },
  "Warhead": {
    "ArmTime": 2,
    "BlastRadius": 15.0,
    "ImpactDamage": 0,
    "SplashDamage": 200,
    "Force": 1500.0,
    "Fuze": "Proximity",
    "ProximityDistance": 11.0,
    "SelfDestruct": 95
  },
  "Effects": {
    "Air": "Effects/Explosion/ExplosionAirMedium",
    "Ground": "Effects/Explosion/ExplosionGroundMedium",
    "Water": "Effects/Explosion/ExplosionWaterMedium"
  }
}