{
    "Name": "PL2A",
    "DisplayName": "PL-2A Atoll",
    "Description": "Uprated PL-2.",
    "StoreType": "Munition",
    "ModelPath": "assets/mod/weapons/missiles/pili/pl2a.fbx",
    "FireSound": "event:/Weapons/MissileLaunchLight",
    "DotColors": [ 235, 235, 231 ],
    "Mass": 73.5,
    "Length": 2.8,
    "Diameter": 0.127,
    "Drag": 0.05,
	
  "MotorStages": [
    {
      "Duration": 2.3,
      "Delay": 0.0,
      "Thrust": 18.0,
      "FXParent": "Motor1",
      "FXName": "Effects/MissileMotors/Small"
    }
  ],
  "Guidance": {
    "GuideType": "Infrared",
    "MaxG": 13,
    "MaxRange": 11000,
    "EffectiveRange": 1225,
    "SeekerDelay": 0.5,
    "SeekerFOV": 28,
    "MaxTurnRate": 12,
    "SpeedOptimal": 75,
    "SpeedMinimum": 50,
    "CountermeasureRate": 1.15
  },
  "Warhead": {
    "ArmTime": 1.0,
    "BlastRadius": 13.0,
    "ImpactDamage": 100,
    "SplashDamage": 170,
    "Force": 1500.0,
    "Fuze": "Proximity",
    "ProximityDistance": 7.0,
    "SelfDestruct": 21
  },
  "Effects": {
    "Air": "Effects/Explosion/ExplosionAirMedium",
    "Ground": "Effects/Explosion/ExplosionGroundMedium",
    "Water": "Effects/Explosion/ExplosionWaterMedium"
  }
}