{
    "Name": "PL3",
    "DisplayName": "PL-3",
    "Description": "Super AIM-9B",
    "StoreType": "Munition",
    "ModelPath": "assets/mod/weapons/missiles/pili/pl3.fbx",
    "FireSound": "event:/Weapons/MissileLaunchMedium",
    "DotColors": [ 235, 235, 231 ],
    "Mass": 112.5,
    "Length": 2.85,
    "Diameter": 0.140,
    "Drag": 0.05,
	
  "MotorStages": [
    {
      "Duration": 3.5,
      "Delay": 0.0,
      "Thrust": 16.0,
      "FXParent": "Motor1",
      "FXName": "Effects/MissileMotors/Small"
    }
  ],
  "Guidance": {
    "GuideType": "Infrared",
    "MaxG": 21,
    "MaxRange": 16000,
    "EffectiveRange": 2275,
    "SeekerDelay": 0.5,
    "SeekerFOV": 35,
    "MaxTurnRate": 16,
    "SpeedOptimal": 75,
    "SpeedMinimum": 50,
    "CountermeasureRate": 1.01
  },
  "Warhead": {
    "ArmTime": 1.0,
    "BlastRadius": 13.0,
    "ImpactDamage": 100,
    "SplashDamage": 220,
    "Force": 1500.0,
    "Fuze": "Proximity",
    "ProximityDistance": 9.5,
    "SelfDestruct": 30
  },
  "Effects": {
    "Air": "Effects/Explosion/ExplosionAirMedium",
    "Ground": "Effects/Explosion/ExplosionGroundMedium",
    "Water": "Effects/Explosion/ExplosionWaterMedium"
  }
}