{
    "Name": "PL5A",
    "DisplayName": "PL-5A",
    "Description": "Classic eastern SARH sidewinder. This time its got a blunt nose!",
    "StoreType": "Munition",
    "ModelPath": "assets/mod/weapons/missiles/pili/pl5a.fbx",
    "FireSound": "event:/Weapons/MissileLaunchLight",
    "DotColors": [ 235, 235, 231 ],
    "Mass": 81.3,
    "Length": 3.05,
    "Diameter": 0.127,
    "Drag": 0.028,
	
  "MotorStages": [
    {
      "Duration": 2.3,
      "Delay": 0.0,
      "Thrust": 18.0,
      "FXParent": "Motor1",
      "FXName": "Effects/MissileMotors/Small"
    }
  ],
  "Guidance": {
    "GuideType": "SemiActiveRadar",
    "MaxG": 21,
    "MaxRange": 15000,
    "EffectiveRange": 13250,
    "SeekerDelay": 0.5,
    "SeekerFOV": 35,
    "MaxTurnRate": 16,
    "SpeedOptimal": 75,
    "SpeedMinimum": 50,
    "CountermeasureRate": 0.96
  },
  "Warhead": {
    "ArmTime": 1.0,
    "BlastRadius": 13.0,
    "ImpactDamage": 100,
    "SplashDamage": 150,
    "Force": 1500.0,
    "Fuze": "Proximity",
    "ProximityDistance": 5.0,
    "SelfDestruct": 54
  },
  "Effects": {
    "Air": "Effects/Explosion/ExplosionAirMedium",
    "Ground": "Effects/Explosion/ExplosionGroundMedium",
    "Water": "Effects/Explosion/ExplosionWaterMedium"
  }
}