{
    "Name": "PL8A",
    "DisplayName": "PL-8A",
    "Description": "License produced Python-3. Somewhat downrated from original specifications.",
    "StoreType": "Munition",
    "ModelPath": "assets/mod/weapons/missiles/pili/pl8a.fbx",
    "FireSound": "event:/Weapons/MissileLaunchMedium",
    "DotColors": [ 235, 235, 231 ],
    "Mass": 121.3,
    "Length": 3.00,
    "Diameter": 0.160,
    "Drag": 0.04,
	
  "MotorStages": [
    {
      "Duration": 1.0,
      "Delay": 0.0,
      "Thrust": 34.5,
      "FXParent": "Motor1",
      "FXName": "Effects/MissileMotors/Medium"
    },
    {
      "Duration": 2.83,
      "Delay": 0.8,
      "Thrust": 21.6,
      "FXParent": "Motor1",
      "FXName": "Effects/MissileMotors/Small"
    }
  ],
  "Guidance": {
    "GuideType": "Infrared",
    "MaxG": 35,
    "MaxRange": 19250,
    "EffectiveRange": 7550,
    "SeekerDelay": 0.36,
    "SeekerFOV": 40,
    "MaxTurnRate": 35,
    "SpeedOptimal": 75,
    "SpeedMinimum": 50,
    "CountermeasureRate": 0.70
  },
  "Warhead": {
    "ArmTime": 1.0,
    "BlastRadius": 13.0,
    "ImpactDamage": 100,
    "SplashDamage": 250,
    "Force": 1500.0,
    "Fuze": "Proximity",
    "ProximityDistance": 7.0,
    "SelfDestruct": 75
  },
  "Effects": {
    "Air": "Effects/Explosion/ExplosionAirMedium",
    "Ground": "Effects/Explosion/ExplosionGroundMedium",
    "Water": "Effects/Explosion/ExplosionWaterMedium"
  }
}