{
    "Name": "PL8B",
    "DisplayName": "PL-8B",
    "Description": "License produced Python-3 with all domestic components",
    "StoreType": "Munition",
    "ModelPath": "assets/mod/weapons/missiles/pili/pl8b.fbx",
    "FireSound": "event:/Weapons/MissileLaunchMedium",
    "DotColors": [ 235, 235, 231 ],
    "Mass": 119.7,
    "Length": 3.00,
    "Diameter": 0.160,
    "Drag": 0.04,
	
  "MotorStages": [
    {
      "Duration": 1.25,
      "Delay": 0.0,
      "Thrust": 35.1,
      "FXParent": "Motor1",
      "FXName": "Effects/MissileMotors/Medium"
    },
    {
      "Duration": 2.75,
      "Delay": 1.10,
      "Thrust": 16.2,
      "FXParent": "Motor1",
      "FXName": "Effects/MissileMotors/SmallSmokeless"
    }
  ],
  "Guidance": {
    "GuideType": "Infrared",
    "MaxG": 39,
    "MaxRange": 18000,
    "EffectiveRange": 8125,
    "SeekerDelay": 0.36,
    "SeekerFOV": 40,
    "MaxTurnRate": 38,
    "SpeedOptimal": 75,
    "SpeedMinimum": 50,
    "CountermeasureRate": 0.73
  },
  "Warhead": {
    "ArmTime": 1.0,
    "BlastRadius": 13.0,
    "ImpactDamage": 100,
    "SplashDamage": 245,
    "Force": 1500.0,
    "Fuze": "Proximity",
    "ProximityDistance": 7.0,
    "SelfDestruct": 75
  },
  "Effects": {
    "Air": "Effects/Explosion/ExplosionAirMedium",
    "Ground": "Effects/Explosion/ExplosionGroundMedium",
    "Water": "Effects/Explosion/ExplosionWaterMedium"
  }
}