{
    "Name": "AIM9M",
    "DisplayName": "AIM-9M",
    "Description": "IR guided air to air missile",
    "StoreType": "Munition",
    "ModelPath": "assets/mod/weapons/missiles/aim9/aim9m/aim9m.fbx",
    "FireSound": "event:/Weapons/MissileLaunchLight",
    "DotColors": [ 235, 235, 231 ],
    "Mass": 88.6,
    "Length": 2.85,
    "Diameter": 0.127,
    "Drag": 0.03,

  "MotorStages": [
    {
      "Duration": 5.3,
      "Delay": 0.0,
      "Thrust": 11.6,
      "FXParent": "Motor1",
      "FXName": "Effects/MissileMotors/SmallSmokeless"
    },
    {
      "Duration": 1.0,
      "Delay": 0.0,
      "Thrust": 0.1,
      "FXParent": "Motor1",
      "FXName": "Effects/MissileMotors/Small"
    }
  ],
  "Guidance": {
    "GuideType": "Infrared",
    "MaxG": 35,
    "MaxRange": 22000,
    "EffectiveRange": 8450,
    "SeekerDelay": 0.25,
    "SeekerFOV": 45,
    "MaxTurnRate": 32,
    "SpeedOptimal": 75,
    "SpeedMinimum": 50,
    "CountermeasureRate": 0.57
  },
  "Warhead": {
    "ArmTime": 1.25,
    "BlastRadius": 10.0,
    "ImpactDamage": 100,
    "SplashDamage": 200,
    "Force": 1500.0,
    "Fuze": "Proximity",
    "ProximityDistance": 7.5,
    "SelfDestruct": 60
  },
  "Effects": {
    "Air": "Effects/Explosion/ExplosionAirMedium",
    "Ground": "Effects/Explosion/ExplosionGroundMedium",
    "Water": "Effects/Explosion/ExplosionWaterMedium"
  }
}