{
    "Name": "AIM9JULI",
    "DisplayName": "AIM-9JULI",
    "Description": "US Air Force All-Aspect IR guided air to air missile",
    "StoreType": "Munition",
    "ModelPath": "assets/mod/weapons/missiles/aim9/aim9j/aim9juli.fbx",
    "FireSound": "event:/Weapons/MissileLaunchLight",
    "DotColors": [ 235, 235, 231 ],
    "Mass": 76.8,
    "Length": 2.9,
    "Diameter": 0.127,
    "Drag": 0.04,

  "MotorStages": [
    {
      "Duration": 2.2,
      "Delay": 0.0,
      "Thrust": 18.1,
      "FXParent": "Motor1",
      "FXName": "Effects/MissileMotors/Small"
    }
  ],
  "Guidance": {
    "GuideType": "Infrared",
    "MaxG": 22,
    "MaxRange": 15000,
    "EffectiveRange": 4850,
    "SeekerDelay": 0.25,
    "SeekerFOV": 45,
    "MaxTurnRate": 24,
    "SpeedOptimal": 75,
    "SpeedMinimum": 50,
    "CountermeasureRate": 0.76
  },
  "Warhead": {
    "ArmTime": 1.0,
    "BlastRadius": 10.0,
    "ImpactDamage": 100,
    "SplashDamage": 150,
    "Force": 1500.0,
    "Fuze": "Proximity",
    "ProximityDistance": 5.0,
    "SelfDestruct": 60
  },
  "Effects": {
    "Air": "Effects/Explosion/ExplosionAirMedium",
    "Ground": "Effects/Explosion/ExplosionGroundMedium",
    "Water": "Effects/Explosion/ExplosionWaterMedium"
  }
}