{
    "Name": "AGM12A",
    "DisplayName": "AGM-12A Bullpup",
    "Description": "Command-guided AGM",
    "StoreType": "Munition",
    "ModelPath": "assets/mod/weapons/missiles/agm12/agm-12a.fbx",
    "FireSound": "event:/Weapons/MissileLaunchMedium",
    "DotColors": [ 101, 118, 87 ],
    "Mass": 221.7,
    "Length": 3.10,
    "Diameter": 0.298,
    "Drag": 0.05,
  
  "MotorStages": [
    {
      "Duration": 2.5,
      "Delay": 0.00,
      "Thrust": 38.7,
      "FXParent": "Motor1",
      "FXName": "Effects/MissileMotors/Small"
    }
  ],
  "Guidance": {
    "GuideType": "Command",
	"Navigation": "Pursuit",
    "MaxG": 6,
    "MaxRange": 10040,
    "EffectiveRange": 6350,
    "SeekerDelay": 1.5,
    "MaxTurnRate": 13,
    "SpeedOptimal": 200,
    "SpeedMinimum": 100
  },
  "Warhead": {
    "ArmTime": 1.0,
    "BlastRadius": 50.0,
    "ImpactDamage": 250,
    "ImpactPenetration": 2,
    "SplashDamage": 100,
    "Force": 6000.0,
    "Fuze": "Impact",
    "SelfDestruct": 120
  },
  "Effects": {
    "Air": "Effects/Explosion/ExplosionAirSmall",
    "Ground": "Effects/Explosion/ExplosionGroundSmall",
    "Water": "Effects/Explosion/ExplosionWaterSmall",
    "CraterSize": "Medium"
  }
}