{
    "Name": "AGM83A",
    "DisplayName": "AGM-83A Bulldog",
    "Description": "Laser guided AGM",
    "StoreType": "Munition",
    "ModelPath": "assets/mod/weapons/missiles/agm12/agm-83a.fbx",
    "FireSound": "event:/Weapons/MissileLaunchMedium",
    "DotColors": [ 101, 118, 87 ],
    "Mass": 274.4,
    "Length": 3.08,
    "Diameter": 0.298,
    "Drag": 0.05,
	
  "MotorStages": [
    {
      "Duration": 3.1,
      "Delay": 0.00,
      "Thrust": 59.2,
      "FXParent": "Motor1",
      "FXName": "Effects/MissileMotors/Small"
    }
  ],
  "Guidance": {
    "GuideType": "Laser",
    "Navigation": "Loft",
    "LoftAngleMax": 20.0,
    "LoftMinTTI": 10.0,
    "LoftMaxTTI": 20.0,
    "MaxG": 16,
    "MaxRange": 18000.0,
    "EffectiveRange": 24350,
    "SeekerDelay": 1.0,
    "SeekerFOV": 60,
    "MaxTurnRate": 16,
    "SpeedOptimal": 200,
    "SpeedMinimum": 100
  },
  "Warhead": {
    "ArmTime": 1.0,
    "BlastRadius": 50.0,
    "ImpactDamage": 300,
    "ImpactPenetration": 2,
    "SplashDamage": 120,
    "Force": 6000.0,
    "Fuze": "Impact",
    "SelfDestruct": 120
  },
  "Effects": {
    "Air": "Effects/Explosion/ExplosionAirSmall",
    "Ground": "Effects/Explosion/ExplosionGroundSmall",
    "Water": "Effects/Explosion/ExplosionWaterSmall",
    "CraterSize": "Medium"
  }
}