{
  "Name": "GBU27",
  "DisplayName": "GBU-27 Paveway III",
  "Description": "Low drag 2000lb laser-guided bunker-buster bomb",
  "StoreType": "Munition",
  "ModelPath": "assets/mod/weapons/bombs/gbu20/gbu-27.fbx",
  "DotColors": [ 69, 76, 26 ],
  "Mass": 958.4,
  "Length": 4.32,
  "Diameter": 0.368,
  "Drag": 0.01,

  "Guidance": {
    "GuideType": "Visual",
    "Navigation": "Loft",
    "LoftAngleMax": 20,
    "LoftMinTTI": 7.5,
    "LoftMaxTTI": 15.0,
    "Prediction": 0.5,
    "MaxG": 12,
    "MaxRange": 120400,
    "EffectiveRange": 42500,
    "SeekerDelay": 3.0,
    "MaxTurnRate": 25,
    "SpeedOptimal": 200,
    "SpeedMinimum": 100
  },
  "Warhead": {
    "ArmTime": 1.0,
    "BlastRadius": 70.0,
    "ImpactDamage": 2300,
    "ImpactPenetration": 4,
    "SplashDamage": 160,
    "Force": 15000.0,
    "Fuze": "Impact",
    "SelfDestruct": 3600
  },
  "Effects": {
    "Air": "Effects/Explosion/ExplosionAirLarge",
    "Ground": "Effects/Explosion/ExplosionGroundLarge",
    "Water": "Effects/Explosion/ExplosionWaterMedium",
    "CraterSize": "Huge"
  },
  "FinDeploy": {
    "HasAnimation": true,
    "Delay": 0.4,
    "Deployed": "Extended",
    "Retracted": "Retracted"
  }
}