{
  "Name": "GBU24A",
  "DisplayName": "GBU-24A Paveway III",
  "Description": "Low drag 2000lb laser-guided explosive bomb",
  "StoreType": "Munition",
  "ModelPath": "assets/mod/weapons/bombs/gbu20/gbu-24ab.fbx",
  "DotColors": [ 69, 76, 26 ],
  "Mass": 1052.8,
  "Length": 4.32,
  "Diameter": 0.368,
  "Drag": 0.01,

  "Guidance": {
    "GuideType": "Visual",
    "Navigation": "Loft",
    "LoftAngleMax": 20,
    "LoftMinTTI": 7.5,
    "LoftMaxTTI": 15.0,
    "Prediction": 0.5,
    "MaxG": 10,
    "MaxRange": 120400,
    "EffectiveRange": 37500,
    "SeekerDelay": 2.5,
    "MaxTurnRate": 23,
    "SpeedOptimal": 200,
    "SpeedMinimum": 100
  },
  "Warhead": {
    "ArmTime": 1.0,
    "BlastRadius": 150.0,
    "ImpactDamage": 800,
    "ImpactPenetration": 1,
    "SplashDamage": 300,
    "Force": 12000.0,
    "Fuze": "Impact",
    "SelfDestruct": 3600
  },
  "Effects": {
    "Air": "Effects/Explosion/ExplosionAirLarge",
    "Ground": "Effects/Explosion/ExplosionGroundLarge",
    "Water": "Effects/Explosion/ExplosionWaterMedium",
    "CraterSize": "Huge"
  },
  "FinDeploy": {
    "HasAnimation": true,
    "Delay": 0.6,
    "Deployed": "Extended",
    "Retracted": "Retracted"
  }
}