{
  "Name": "Rb74",
  "DisplayName": "Rb 74",
  "Description": "License produced AIM-9L by the Swedish Air Force",
  "StoreType": "Munition",
  "ModelPath": "assets/mod/weapons/missiles/aim9/aim9l/aim9l.fbx",
  "FireSound": "event:/Weapons/MissileLaunchLight",
  "DotColors": [ 235, 235, 231 ],
  "Mass": 89.1,
  "Length": 2.85,
  "Diameter": 0.127,
  "Drag": 0.03,

  "MotorStages": [
    {
      "Duration": 5.3,
      "Delay": 0.0,
      "Thrust": 12.0,
      "FXParent": "Motor1",
      "FXName": "Effects/MissileMotors/Small"
    }
  ],
  "Guidance": {
    "GuideType": "Infrared",
    "MaxG": 35,
    "MaxRange": 18000,
    "EffectiveRange": 4850,
    "SeekerDelay": 0.25,
    "SeekerFOV": 45,
    "MaxTurnRate": 24,
    "SpeedOptimal": 75,
    "SpeedMinimum": 50,
    "CountermeasureRate": 0.76
  },
  "Warhead": {
    "ArmTime": 1.25,
    "BlastRadius": 10.0,
    "ImpactDamage": 100,
    "SplashDamage": 200,
    "Force": 1500.0,
    "Fuze": "Proximity",
    "ProximityDistance": 7.5,
    "SelfDestruct": 60
  },
  "Effects": {
    "Air": "Effects/Explosion/ExplosionAirMedium",
    "Ground": "Effects/Explosion/ExplosionGroundMedium",
    "Water": "Effects/Explosion/ExplosionWaterMedium"
  }
}