{
  "Name": "AGM62A",
  "DisplayName": "AGM-62A Walleye I",
  "Description": "Low drag 1000lb electro-optically guided explosive bomb",
  "StoreType": "Munition",
  "ModelPath": "assets/mod/weapons/bombs/agm62/walleye_i.fbx",
  "DotColors": [ 69, 76, 26 ],
  "Mass": 511.1,
  "Length": 3.45,
  "Diameter": 0.318,
  "Drag": 0.03,

  "Guidance": {
    "GuideType": "Visual",
    "Navigation": "Loft",
    "LoftAngleMax": 20,
    "LoftMinTTI": 7.5,
    "LoftMaxTTI": 15.0,
    "Prediction": 0.8,
    "MaxG": 6,
    "MaxRange": 30000,
    "EffectiveRange": 7025,
    "SeekerDelay": 3.5,
    "SeekerFOV": 60,
    "MaxTurnRate": 7,
    "SpeedOptimal": 200,
    "SpeedMinimum": 100
  },
  "Warhead": {
    "ArmTime": 1.0,
    "BlastRadius": 65.0,
    "ImpactDamage": 500,
    "ImpactPenetration": 1,
    "SplashDamage": 120,
    "Force": 6000.0,
    "Fuze": "Impact",
    "SelfDestruct": 3600
  },
  "Effects": {
    "Air": "Effects/Explosion/ExplosionAirMedium",
    "Ground": "Effects/Explosion/ExplosionGroundMedium",
    "Water": "Effects/Explosion/ExplosionWaterMedium",
    "CraterSize": "Large"
  }
}