{
  "Name": "AGM62B",
  "DisplayName": "AGM-62B Walleye II",
  "Description": "Low drag 2000lb electro-optically guided explosive bomb",
  "StoreType": "Munition",
  "ModelPath": "assets/mod/weapons/bombs/agm62/walleye_ii.fbx",
  "DotColors": [ 69, 76, 26 ],
  "Mass": 1063.5,
  "Length": 4.04,
  "Diameter": 0.457,
  "Drag": 0.02,

  "Guidance": {
    "GuideType": "Visual",
    "Navigation": "Loft",
    "LoftAngleMax": 20,
    "LoftMinTTI": 7.5,
    "LoftMaxTTI": 15.0,
    "Prediction": 0.8,
    "MaxG": 5,
    "MaxRange": 45000,
    "EffectiveRange": 11025,
    "SeekerDelay": 3.5,
    "SeekerFOV": 60,
    "MaxTurnRate": 7,
    "SpeedOptimal": 200,
    "SpeedMinimum": 100
  },
  "Warhead": {
    "ArmTime": 3.0,
    "BlastRadius": 130.0,
    "ImpactDamage": 900,
    "ImpactPenetration": 2,
    "SplashDamage": 250,
    "Force": 12000.0,
    "Fuze": "Impact",
    "SelfDestruct": 3600
  },
  "Effects": {
    "Air": "Effects/Explosion/ExplosionAirLarge",
    "Ground": "Effects/Explosion/ExplosionGroundLarge",
    "Water": "Effects/Explosion/ExplosionWaterMedium",
    "CraterSize": "Huge"
  }
}