{
    "Name": "AIM260Balt",
    "DisplayName": "AIM-260B Peregrine",
    "Description": "Deathstick Lite.",
    "StoreType": "Munition",
    "ModelPath": "assets/mod/weapons/missiles/aim120/alt/aim260a.fbx",
    "FireSound": "event:/Weapons/MissileLaunchMedium",
    "DotColors": [ 235, 235, 231 ],
    "Mass": 79.5,
    "Length": 1.90,
    "Diameter": 0.254,
    "Drag": 0.015,
	
  "MotorStages": [
    {
      "Duration": 0.5,
      "Delay": 0.3,
      "Thrust": 0,
      "FXParent": "Motor1",
      "FXName": "Effects/MissileMotors/Small"
    },
    {
      "Duration": 2.0,
      "Delay": 0.5,
      "Thrust": 20,
      "FXParent": "Motor1",
      "FXName": "Effects/MissileMotors/SmallSmokeless"
    },
    {
      "Duration": 6,
      "Delay": 2.5,
      "Thrust": 10.0,
      "FXParent": "Motor1",
      "FXName": "Effects/MissileMotors/SmallSmokeless"
    }
  ],
  "Guidance": {
    "GuideType": "ActiveRadar",
    "Navigation": "Loft",
    "LoftAngleMax": 20.0,
    "LoftMinTTI": 20.0,
    "LoftMaxTTI": 30.0,
    "MaxG": 50,
    "MaxRange": 75000,
    "EffectiveRange": 75000,
    "SeekerDelay": 0.9,
    "SeekerFOV": 361,
    "MaxTurnRate": 150,
    "SpeedOptimal": 75,
    "SpeedMinimum": 50,
    "CountermeasureRate": 0.27
  },
  "Warhead": {
    "ArmTime": 1,
    "BlastRadius": 30.0,
    "ImpactDamage": 140,
    "SplashDamage": 215,
    "Force": 1500.0,
    "Fuze": "Proximity",
    "ProximityDistance": 8.5,
    "SelfDestruct": 120
  },
  "Effects": {
    "Air": "Effects/Explosion/ExplosionAirMedium",
    "Ground": "Effects/Explosion/ExplosionGroundMedium",
    "Water": "Effects/Explosion/ExplosionWaterMedium"
  }
}