{
    "Name": "AGM12E_CW",
    "DisplayName": "AGM-12E Cluster Warhead",
    "Description": "Command-guided AGM",
    "StoreType": "Munition",
    "ModelPath": "assets/mod/weapons/missiles/agm12/agm-12e_cw.fbx",
    "FireSound": "event:/Weapons/MissileLaunchMedium",
    "DotColors": [ 101, 118, 87 ],
    "Mass": 895.7,
    "Length": 4.14,
    "Diameter": 0.461,
    "Drag": 0.05,
	
  "MotorStages": [
    {
      "Duration": 2.5,
      "Delay": 0.00,
      "Thrust": 160.2,
      "FXParent": "Motor1",
      "FXName": "Effects/MissileMotors/Large"
    }
  ],
  "Guidance": {
    "GuideType": "Command",
    "Navigation": "Loft",
    "LoftAngleMax": 10.0,
    "LoftMinTTI": 10.0,
    "LoftMaxTTI": 20.0,
    "Prediction": 0.8,
    "MaxG": 8,
    "MaxRange": 27040,
    "EffectiveRange": 9625,
    "SeekerDelay": 1.5,
    "MaxTurnRate": 17,
    "SpeedOptimal": 200,
    "SpeedMinimum": 100
  },
  "Warhead": {
    "ArmTime": 4.4,
    "BlastRadius": 50.0,
    "ImpactDamage": 5,
    "SplashDamage": 5,
    "SplashPenetration": 1,
    "Force": 3000.0,
    "Fuze": "Proximity",
    "ProximityDistance": 150,
    "IsClusterMunition": true,
    "BombletCount": 325,
    "BombletSpread": 75.0,
    "SelfDestruct": 120
  },
  "Effects": {
    "Air": "Effects/Explosion/ClusterAirBurst",
    "Ground": "Effects/Explosion/ClusterGroundBurst",
    "Water": "Effects/Impacts/WaterImpactSpike",
    "CraterSize": "Small"
  }
}