{
    "Name": "R550-2",
    "DisplayName": "R.550 Magic 2",
    "Description": "Highly agile limited all-aspect IR AAM.",
    "StoreType": "Munition",
    "ModelPath": "assets/mod/weapons/missiles/matra/r550-2.fbx",
    "FireSound": "event:/Weapons/MissileLaunchLight",
    "DotColors": [ 235, 235, 231 ],
    "Mass": 91.7,
    "Length": 2.75,
    "Diameter": 0.127,
    "Drag": 0.03,
	
  "MotorStages": [
    {
      "Duration": 0.8,
      "Delay": 0.0,
      "Thrust": 0,
      "FXParent": "Motor1",
      "FXName": "Effects/MissileMotors/Medium"
    },
    {
      "Duration": 2.4,
      "Delay": 0.0,
      "Thrust": 29.5,
      "FXParent": "Motor1",
      "FXName": "Effects/MissileMotors/Small"
    }
  ],
  "Guidance": {
    "GuideType": "Infrared",
    "MaxG": 48,
    "MaxRange": 19000,
    "EffectiveRange": 6350,
    "SeekerDelay": 0.4,
    "SeekerFOV": 30,
    "MaxTurnRate": 55,
    "SpeedOptimal": 75,
    "SpeedMinimum": 50,
    "CountermeasureRate": 0.42
  },
  "Warhead": {
    "ArmTime": 1.5,
    "BlastRadius": 15.0,
    "ImpactDamage": 0,
    "SplashDamage": 180,
    "Force": 1500.0,
    "Fuze": "Proximity",
    "ProximityDistance": 10.5,
    "SelfDestruct": 25
  },
  "Effects": {
    "Air": "Effects/Explosion/ExplosionAirMedium",
    "Ground": "Effects/Explosion/ExplosionGroundMedium",
    "Water": "Effects/Explosion/ExplosionWaterMedium"
  }
}