{
    "Name": "S530D",
    "DisplayName": "Super 530D",
    "Description": "Radar guided air to air missile",
    "StoreType": "Munition",
    "ModelPath": "assets/mod/weapons/missiles/matra/super530d.fbx",
    "FireSound": "event:/Weapons/MissileLaunchMedium",
    "DotColors": [ 235, 235, 231 ],
    "Mass": 272.7,
    "Length": 3.811,
    "Diameter": 0.263,
    "Drag": 0.03,
	
  "MotorStages": [
    {
      "Duration": 2.15,
      "Delay": 0.15,
      "Thrust": 43.92,
      "FXParent": "Motor1",
      "FXName": "Effects/MissileMotors/Medium"
    },
    {
      "Duration": 8.5,
      "Delay": 2.3,
      "Thrust": 10.27,
      "FXParent": "Motor1",
      "FXName": "Effects/MissileMotors/Small"
    }
  ],
  "Guidance": {
    "GuideType": "SemiActiveRadar",
    "Navigation": "Loft",
    "LoftAngleMax": 15.0,
    "LoftMinTTI": 7.5,
    "LoftMaxTTI": 15.0,
    "MaxG": 34,
    "MaxRange": 80000,
    "EffectiveRange": 65000,
    "SeekerDelay": 0.5,
    "SeekerFOV": 55,
    "MaxTurnRate": 45,
    "SpeedOptimal": 75,
    "SpeedMinimum": 50
  },
  "Warhead": {
    "ArmTime": 1.0,
    "BlastRadius": 25.0,
    "ImpactDamage": 100,
    "SplashDamage": 210,
    "Force": 1500.0,
    "Fuze": "Proximity",
    "ProximityDistance": 8,
    "SelfDestruct": 100
  },
  "Effects": {
    "Air": "Effects/Explosion/ExplosionAirMedium",
    "Ground": "Effects/Explosion/ExplosionGroundMedium",
    "Water": "Effects/Explosion/ExplosionWaterMedium"
  }
}