{
    "Name": "R13M1",
    "DisplayName": "R-13M1 Advanced Atoll",
    "Description": "Soviet amalgamation of reverse-engineered AIM-9H and AIM-9J.",
    "StoreType": "Munition",
    "ModelPath": "assets/mod/weapons/missiles/atoll/r13m1.fbx",
    "FireSound": "event:/Weapons/MissileLaunchLight",
    "DotColors": [ 235, 235, 231 ],
    "Mass": 94.1,
    "Length": 3.05,
    "Diameter": 0.127,
    "Drag": 0.03,
	
  "MotorStages": [
    {
      "Duration": 5.1,
      "Delay": 0.0,
      "Thrust": 14.2,
      "FXParent": "Motor1",
      "FXName": "Effects/MissileMotors/Small"
    }
  ],
  "Guidance": {
    "GuideType": "Infrared",
    "MaxG": 21,
    "MaxRange": 18000,
    "EffectiveRange": 2425,
    "SeekerDelay": 0.5,
    "SeekerFOV": 45,
    "MaxTurnRate": 18,
    "SpeedOptimal": 75,
    "SpeedMinimum": 50,
    "CountermeasureRate": 0.84
  },
  "Warhead": {
    "ArmTime": 1.0,
    "BlastRadius": 13.0,
    "ImpactDamage": 100,
    "SplashDamage": 150,
    "Force": 1500.0,
    "Fuze": "Proximity",
    "ProximityDistance": 5.0,
    "SelfDestruct": 54
  },
  "Effects": {
    "Air": "Effects/Explosion/ExplosionAirMedium",
    "Ground": "Effects/Explosion/ExplosionGroundMedium",
    "Water": "Effects/Explosion/ExplosionWaterMedium"
  }
}