{
    "Name": "R13MR",
    "DisplayName": "R-13MR Advanced Atoll",
    "Description": "Soviet amalgamation of R-13M and R-3R.",
    "StoreType": "Munition",
    "ModelPath": "assets/mod/weapons/missiles/atoll/r13mr.fbx",
    "FireSound": "event:/Weapons/MissileLaunchLight",
    "DotColors": [ 235, 235, 231 ],
    "Mass": 104.3,
    "Length": 3.4,
    "Diameter": 0.127,
    "Drag": 0.03,
	
  "MotorStages": [
    {
      "Duration": 5.1,
      "Delay": 0.0,
      "Thrust": 14.2,
      "FXParent": "Motor1",
      "FXName": "Effects/MissileMotors/Small"
    }
  ],
  "Guidance": {
    "GuideType": "SemiActiveRadar",
    "MaxG": 15,
    "MaxRange": 18000,
    "EffectiveRange": 13250,
    "SeekerDelay": 0.5,
    "SeekerFOV": 36,
    "MaxTurnRate": 14,
    "SpeedOptimal": 75,
    "SpeedMinimum": 50,
    "CountermeasureRate": 1.12
  },
  "Warhead": {
    "ArmTime": 1.0,
    "BlastRadius": 13.0,
    "ImpactDamage": 100,
    "SplashDamage": 150,
    "Force": 1500.0,
    "Fuze": "Proximity",
    "ProximityDistance": 5.0,
    "SelfDestruct": 54
  },
  "Effects": {
    "Air": "Effects/Explosion/ExplosionAirMedium",
    "Ground": "Effects/Explosion/ExplosionGroundMedium",
    "Water": "Effects/Explosion/ExplosionWaterMedium"
  }
}