{
    "Name": "R14A",
    "DisplayName": "R-14A Super Atoll",
    "Description": "Soviet sidewinder derivative with 160mm motor and high agility fins, alongside all-aspect capabilities.",
    "StoreType": "Munition",
    "ModelPath": "assets/mod/weapons/missiles/atoll/r14a.fbx",
    "FireSound": "event:/Weapons/MissileLaunchLight",
    "DotColors": [ 235, 235, 231 ],
    "Mass": 111.6,
    "Length": 2.93,
    "Diameter": 0.160,
    "Drag": 0.04,
	
  "MotorStages": [
    {
      "Duration": 1.8,
      "Delay": 0.0,
      "Thrust": 58.3,
      "FXParent": "Motor1",
      "FXName": "Effects/MissileMotors/Large"
    }
  ],
  "Guidance": {
    "GuideType": "Infrared",
    "MaxG": 38,
    "MaxRange": 25250,
    "EffectiveRange": 3625,
    "SeekerDelay": 0.36,
    "SeekerFOV": 45,
    "MaxTurnRate": 22,
    "SpeedOptimal": 75,
    "SpeedMinimum": 50,
    "CountermeasureRate": 0.78
  },
  "Warhead": {
    "ArmTime": 1.0,
    "BlastRadius": 13.0,
    "ImpactDamage": 100,
    "SplashDamage": 150,
    "Force": 1500.0,
    "Fuze": "Proximity",
    "ProximityDistance": 5.0,
    "SelfDestruct": 75
  },
  "Effects": {
    "Air": "Effects/Explosion/ExplosionAirMedium",
    "Ground": "Effects/Explosion/ExplosionGroundMedium",
    "Water": "Effects/Explosion/ExplosionWaterMedium"
  }
}