{
    "Name": "R3R",
    "DisplayName": "R-3R Atoll",
    "Description": "Soviet reverse-engineered AIM-9B. SARH seeker instead of an IR seeker head, the beginning of a common trend.",
    "StoreType": "Munition",
    "ModelPath": "assets/mod/weapons/missiles/atoll/r-3r.fbx",
    "FireSound": "event:/Weapons/MissileLaunchLight",
    "DotColors": [ 235, 235, 231 ],
    "Mass": 114.1,
    "Length": 3.4,
    "Diameter": 0.131,
    "Drag": 0.04,
	
  "MotorStages": [
    {
      "Duration": 2.2,
      "Delay": 0.0,
      "Thrust": 17.3,
      "FXParent": "Motor1",
      "FXName": "Effects/MissileMotors/Small"
    }
  ],
  "Guidance": {
    "GuideType": "SemiActiveRadar",
    "MaxG": 8,
    "MaxRange": 11000,
    "EffectiveRange": 8125,
    "SeekerDelay": 0.5,
    "SeekerFOV": 30,
    "MaxTurnRate": 12,
    "SpeedOptimal": 75,
    "SpeedMinimum": 50,
    "CountermeasureRate": 1.90
  },
  "Warhead": {
    "ArmTime": 1.0,
    "BlastRadius": 13.0,
    "ImpactDamage": 100,
    "SplashDamage": 170,
    "Force": 1500.0,
    "Fuze": "Proximity",
    "ProximityDistance": 5.0,
    "SelfDestruct": 21
  },
  "Effects": {
    "Air": "Effects/Explosion/ExplosionGroundMedium",
    "Ground": "Effects/Explosion/ExplosionGroundMedium",
    "Water": "Effects/Explosion/ExplosionGroundMedium"
  }
}