{
    "Name": "S530F",
    "DisplayName": "Super 530F",
    "Description": "Radar guided air to air missile",
    "StoreType": "Munition",
    "ModelPath": "assets/mod/weapons/missiles/matra/super530f.fbx",
    "FireSound": "event:/Weapons/MissileLaunchMedium",
    "DotColors": [ 235, 235, 231 ],
    "Mass": 246.2,
    "Length": 3.548,
    "Diameter": 0.263,
    "Drag": 0.03,
	
  "MotorStages": [
    {
      "Duration": 2.1,
      "Delay": 0.15,
      "Thrust": 38.7,
      "FXParent": "Motor1",
      "FXName": "Effects/MissileMotors/Medium"
    },
    {
      "Duration": 4.0,
      "Delay": 2.85,
      "Thrust": 25.45,
      "FXParent": "Motor1",
      "FXName": "Effects/MissileMotors/Medium"
    }
  ],
  "Guidance": {
    "GuideType": "SemiActiveRadar",
    "Navigation": "Loft",
    "LoftAngleMax": 10.0,
    "LoftMinTTI": 7.5,
    "LoftMaxTTI": 15.0,
    "MaxG": 22,
    "MaxRange": 48650,
    "EffectiveRange": 38350,
    "SeekerDelay": 0.5,
    "SeekerFOV": 55,
    "MaxTurnRate": 38,
    "SpeedOptimal": 75,
    "SpeedMinimum": 50
  },
  "Warhead": {
    "ArmTime": 1.0,
    "BlastRadius": 25.0,
    "ImpactDamage": 100,
    "SplashDamage": 210,
    "Force": 1500.0,
    "Fuze": "Proximity",
    "ProximityDistance": 8,
    "SelfDestruct": 100
  },
  "Effects": {
    "Air": "Effects/Explosion/ExplosionAirMedium",
    "Ground": "Effects/Explosion/ExplosionGroundMedium",
    "Water": "Effects/Explosion/ExplosionWaterMedium"
  }
}